People_Group,Total_Population,Reached_Population,Coverage_Percentage
Abdul,39030.0,3903.7645982900194,10.001959001511707
Abor,1780.0,134.0822978070132,7.532713359944561
Ad Dharmi,1169000.0,114955.62022655286,9.833671533494684
Adi,79870.0,6941.061850211669,8.690449292865491
Adi Andhra,345290.0,35265.19145222102,10.213209607061028
Adi Andhra Christian,21850.0,51.6938682619156,0.23658520943668468
Adi Dravida,9647790.0,958882.7123379942,9.938884577068887
Agariya (Hindu traditions),235600.0,25325.224946867118,10.749246581862105
Ahmadi,84050.0,9107.351747541386,10.835635630626278
Ahom,1941830.0,163816.20035371673,8.436176202536615
Adi Dravida Christian,739250.0,5858.638403017101,0.792511113022266
Adi Gallong,19810.0,241.50421066150548,1.2191025273170393
Adi Karnataka,3336100.0,331034.69600965414,9.922804952179314
Adi Karnataka Christian,196410.0,0.0,0.0
Adi Minyong,27520.0,516.8462324674589,1.8780749726288477
Adi Padam,15220.0,942.4344719612999,6.192079316434296
Adi Pasi,3570.0,273.80421645066764,7.669585894976684
Adi Ramo,1550.0,67.11409395973155,4.329941545789132
Adiyan,17900.0,2013.598566578,11.24915400322905
Agamudaiyan Mukkulattar,2430.0,243.9123441543552,10.037545026928198
Agamudaiyan Nattaman,748000.0,73581.6022885177,9.837112605416804
Agamudaiyan Udayar,9700.0,804.7147744992142,8.296028603084682
Agamudaiyan unspecified,891520.0,87037.38027114756,9.762807370686867
Agariya (Muslim traditions),17400.0,1776.7720968435194,10.211333889905285
Agaru,1840.0,203.41782793703226,11.055316735708274
Ager (Hindu traditions),16220.0,1642.406269491141,10.125809306357219
Aghori,79190.0,7980.246255462602,10.077340895899232
Agri,492680.0,49346.16069840237,10.015864394414704
Aguri,588460.0,60529.825769693445,10.286141074957252
Ahar,1659050.0,166766.8886397477,10.05195073323575
Aheria,192700.0,20024.001281827437,10.39128245035155
Aimol,3330.0,0.0,0.0
Aiton (Tai Aiton),3700.0,410.5961110211091,11.097192189759705
Aiyanavar,6300.0,607.5522564776238,9.643686610755934
Aiyanavar Christian,18830.0,0.0,0.0
Ajila,3660.0,372.5308931031758,10.178439702272563
Ajna,46940.0,5358.666746301089,11.415992216235809
Aka,12340.0,796.4720405662464,6.454392549159209
Alambadi Kurichchan,48220.0,5363.047134812955,11.122038852785058
Alavan,8920.0,912.240462836138,10.226911018342355
Alia,63640.0,6516.345219856088,10.239385952005167
Amat,306000.0,30894.45940207342,10.096228562769092
Ambalavasi,179870.0,18256.13576458218,10.149627933831201
Ambalavasi Kambalattu,3300.0,326.62592772823575,9.897755385704114
Ambalavasi Tottiyan Naicker,12700.0,1278.6840916234926,10.068378674200728
Ambattan (Hindu traditions),202060.0,22864.73124949627,11.315812753388236
Ambattan Christian,4970.0,5.16938682619156,0.10401180736803943
Amma Kodaga,2200.0,248.21894845427292,11.282679475194223
Anal,25280.0,0.0,0.0
Andh,552160.0,55533.610209088445,10.057521408484577
Anduran,2800.0,284.529196945547,10.161757033769536
Angami,168280.0,9.008872809123751,0.005353501788164816
Angarok,7560.0,774.4167305528475,10.243607546995339
Anglo,143220.0,34.462578841277065,0.024062685966538936
Ansari,12074710.0,1210425.6713553926,10.024469915678244
Anuppan,1200.0,126.67179290217659,10.55598274184805
Ao,262520.0,0.0,0.0
Apapanthi,31500.0,3167.0510323113285,10.054130261305804
Arab,2480.0,283.9620611603293,11.4500831113036
Arain (Hindu traditions),313940.0,32932.45317475861,10.490046879900175
Arain (Muslim traditions),148960.0,15664.13250090042,10.515663601571173
Arain (Sikh traditions),21850.0,2243.5704387251094,10.268056927803704
Arakh,677320.0,67938.26735795436,10.030453457443212
Arasar,19080.0,1860.2362061857298,9.749665650868605
Arasar Christian,64770.0,0.0,0.0
Arasu,53180.0,5320.565103050674,10.004823435597357
Aray Mala,4540.0,456.6641296110486,10.05868126896583
Arayan,229380.0,23479.115595482326,10.235903564165284
Arleng,663650.0,61955.55752831507,9.335577115695784
Arora (Hindu traditions),4535870.0,458132.4000535781,10.100210104204443
Arora (Sikh traditions),521630.0,53630.95767125944,10.281417416801073
Arunthathiyar,1150690.0,116309.85151521167,10.107835430499238
Aruva,26310.0,2679.09969830513,10.18281907375572
Arwa Mala,107010.0,10799.695187241492,10.092229873134746
Asari,7500.0,763.2968949316406,10.177291932421875
Assamese (Christian traditions),3790.0,0.0,0.0
Assamese (Muslim traditions),3045510.0,304662.81028107664,10.003671315512891
Assamese (Sikh traditions),1220.0,122.83550727261166,10.068484202673087
Asur,39510.0,2134.970732391549,5.403621190563273
Atari,4880.0,489.6231146743014,10.033260546604538
Atishbaz,3970.0,422.82679257918704,10.650548931465668
Audhelia,7530.0,823.5262546131266,10.936603646920673
Awan,22140.0,2337.7107663297616,10.558765882248245
Ayyanavar,17500.0,1679.4300234582472,9.596742991189984
Ayyarakam,2400.0,244.39792718965373,10.183246966235572
Babria,29000.0,3008.09072678238,10.372726644077172
Bachhada,21700.0,2411.0877013553095,11.111003232052118
Badaga,248240.0,24744.31382042674,9.967899540938907
Badaik,135140.0,14501.400726501131,10.730650234202406
Badhai (Hindu traditions),7456620.0,763915.7130757984,10.244798757021256
Badhai (Muslim traditions),665890.0,66835.62379443564,10.03703671694058
Badhai Gandhar,32500.0,3298.323924725938,10.148688999156732
Badhai Kharadi,18300.0,1847.0017646321567,10.092905817662059
Badhai Konkani,55200.0,5557.86837310564,10.068602125191378
Badhi (Hindu traditions),91190.0,10093.651254104869,11.068813745043173
Badhik,10430.0,1053.056869105126,10.096422522580307
Badwa,3060.0,347.302745981502,11.349762940571962
Bafinda,15230.0,1686.1731572302604,11.07139302186645
Bagata,167920.0,17059.78313395123,10.159470661000018
Bagdi,393670.0,41245.8078998485,10.477254527865599
Bagdi (Hindu traditions),3264500.0,330933.7904741218,10.137349991549144
Baggilu,1500.0,153.8766222323858,10.258441482159055
Baghban (Hindu traditions),687630.0,69549.05199017105,10.114313219343405
Baghban (Muslim traditions),20370.0,2132.0329470254587,10.466533858740593
Bagheti,31060.0,3617.7601305362537,11.64765013050951
Baha'i,15630.0,1578.853369647635,10.101429108430166
Bahelia (Hindu traditions),204720.0,20964.970551817518,10.24080234066897
Bahelia (Muslim traditions),27190.0,2784.0339358694214,10.239183287493276
Bahna (Hindu traditions),943520.0,94352.14265693305,10.000015119651206
Bahrupi,5350.0,543.0894906033436,10.1512054318382
Baidya (Hindu traditions),335930.0,33737.964610228955,10.043153219488868
Baiga,647420.0,64356.53986226395,9.94046212076611
Baira,9830.0,1171.996756178442,11.922652656952613
Bairagi (Hindu traditions),4065940.0,408978.7522875377,10.058651930120407
Bairagi (Muslim traditions),20370.0,2096.1805355222086,10.290527911252866
Bairwa,1127930.0,113136.63582299795,10.030466059329742
Baiswar,99570.0,9960.44945447098,10.003464351181059
Baiti,50360.0,5060.22027373697,10.04809426873902
Bajania,33740.0,3467.356932565487,10.276695117265819
Bajgar,1870.0,220.73126119119854,11.803810758887623
Bajgi,35310.0,3829.0157161573334,10.843998063317285
Bajikar (Muslim traditions),2600.0,261.31135388750465,10.050436687980948
Bakad,6860.0,700.6386274956969,10.213391071365844
Bakati,2900.0,295.0148800388614,10.172926897891772
Bakkarwal,128540.0,13636.638035209635,10.608867306060086
Bakuda,14570.0,1497.5818366502376,10.278530107414122
Balagai,9640.0,994.9049499839483,10.320590767468344
Balahar (Hindu traditions),5540.0,561.385734207707,10.133316501944169
Balahar (Muslim traditions),2200.0,220.35355585067896,10.016070720485407
Balai (Hindu traditions),2541990.0,255753.15883117705,10.061139454961546
Balasantoshi,32100.0,3232.130642174809,10.068942810513423
Balija (Hindu traditions),1783450.0,179543.35259791362,10.067192946138867
Balija Bogam,86370.0,9042.755511332047,10.469787555090942
Balija Bolla,83820.0,8644.487539752552,10.313156215405096
Balija Dasari,59300.0,5961.4429703266605,10.053023558729613
Balija Gopanthi,8900.0,902.6716743173617,10.142378363116423
Balija Jakkula,45520.0,4630.1781530022945,10.171744624345989
Balija Musugu,25500.0,2565.6666680314,10.061437913848629
Baloch,65080.0,6674.515981394884,10.255863523962637
Balti,59620.0,7800.784095431926,13.084173256343384
Banchada,39730.0,4012.540287391082,10.099522495321123
Bandi (Hindu traditions),5450.0,564.7384636867001,10.362173645627525
Bangali (Hindu traditions),82220.0,8552.36552998566,10.401806774489978
Bangali (Muslim traditions),1080.0,108.18889184908777,10.017489986026645
Bania Agarwal,5549770.0,570917.0804928354,10.287220560362599
Bania Agrahari,362580.0,37134.964120217584,10.241867758899438
Bania Ajudhyabansi,110900.0,11591.408430149488,10.452126627727221
Bania Bais,148380.0,14909.425007445798,10.048136546330905
Bania Barahseni,123780.0,12649.858014761738,10.219630000615396
Bania Baranwal,60570.0,6287.2902037709655,10.380205058231741
Bania Barnawar,77370.0,8071.903818541312,10.432860047229303
Bania Bhatia,38800.0,4019.807996050256,10.360329886727463
Bania Bijabargi,111650.0,15941.604921610484,14.278195182812794
Bania Brittal,59060.0,5967.0227104550695,10.103323248315391
Bania Chaturth,36440.0,3660.224807230908,10.044524717977245
Bania Chauseni,47820.0,4975.399223237316,10.404431667162935
Bania Chetti,827380.0,83107.90733432869,10.044708276043497
Bania Dhusar,226220.0,23613.76252142355,10.438406206977078
Bania Disaval,32170.0,3259.240424645669,10.131303775709261
Bania Gahoi,388140.0,39161.72125019436,10.089586553870861
Bania Gandha Banik,331620.0,33923.67096955181,10.229681855603344
Bania Gindauriya,30930.0,3320.4959146735478,10.735518637806491
Bania Golapurab,56750.0,6002.497974577467,10.577088941986727
Bania Gujar,213380.0,22644.119137503916,10.61210944676348
Bania Hardoi,45400.0,4632.863990208129,10.20454623393861
Bania Irupathi Nalu Manai Chetti,39070.0,3920.477707290211,10.034496307371924
Bania Jaiswal,135900.0,14487.499472386417,10.660411679460204
Bania Kalinga Komati,35670.0,3685.7961564629745,10.33304221043727
Bania Kasar,78630.0,8684.782130126148,11.045125435744815
Bania Kasarwani,472830.0,48639.57987642156,10.286906473028692
Bania Kasaundhan,569770.0,58450.19646765018,10.258559851808656
Bania Khandelwal,105280.0,10557.578951241492,10.028095508398074
Bania Khatri,231140.0,23582.022069508414,10.202484238776679
Bania Khedayata,72380.0,7239.293134241959,10.001786590552582
Bania Komti,2016070.0,202472.6989833733,10.042939926856373
Bania Kurwar,6600.0,663.2315078115977,10.048962239569661
Bania Lad,150660.0,15980.80194207724,10.607196297675056
Bania Mahajan,212940.0,22669.74153191734,10.646070034712755
Bania Mahawar,41050.0,4107.730364519753,10.006651314299033
Bania Mahesri,411810.0,45998.63956085722,11.169869493421048
Bania Mahur,979920.0,104823.31300522253,10.697129664178966
Bania Marwadi,7460.0,765.3094280135665,10.25883951760813
Bania Mathur,39290.0,3959.0762157293375,10.076549289206763
Bania Modh,85610.0,9283.983781060944,10.844508563323146
Bania Nagar,47680.0,5029.068758066446,10.547543536213185
Bania Nima,95420.0,9971.972775983673,10.450610748253693
Bania Oswal,474660.0,50264.46806218858,10.589573181264186
Bania Pancham,42020.0,4214.036806045954,10.02864542133735
Bania Porwal,368280.0,39606.453855109736,10.75444060364661
Bania Rastaogi,65770.0,7122.5751206193745,10.829519721178919
Bania Rauniar,149810.0,15472.74274013673,10.328244269499185
Bania Saitwal,53380.0,5353.851890842941,10.02969631105834
Bania Saraogi,85690.0,9017.721945439322,10.523657305915885
Bania Sinduria,29840.0,2992.6901005602467,10.029122320912355
Bania Srimali,407210.0,42199.52024036663,10.363085444946497
Bania Subarna Banik,188390.0,18913.697715555394,10.039650573573647
Bania Trivarnika Vaisya,92260.0,9305.22197043115,10.08586816651978
Bania Ummad,338080.0,35170.46703013933,10.403001369539556
Bania Unai,66650.0,6857.746826641577,10.28919253809689
Bania unspecified,29462330.0,3040106.293786025,10.318621418557274
Banijiga,849970.0,84325.48090869356,9.920994965550967
Banjara (Hindu traditions),7044850.0,684334.0079742877,9.713961375675675
Banjara (Muslim traditions),184370.0,18526.64639583016,10.04862309260192
Banjara Bhanjra,3600.0,493.15897172455834,13.698860325682178
Banjara Charan,131380.0,13402.153083164201,10.201060346448623
Banjara Gaur,12140.0,1267.109920768856,10.437478754273938
Banjara Rathod (Hindu traditions),497080.0,50262.89079083322,10.11163007782112
Banka,31090.0,3444.3677732364067,11.0786998174217
Banmanus,30140.0,3049.543817813211,10.117929057110853
Bansi,1460.0,147.25227796608797,10.085772463430683
Bansphor (Hindu traditions),174380.0,17573.680688991662,10.077807483078141
Bant,1600.0,167.54788790527488,10.47174299407968
Bantar,154930.0,25726.61201790581,16.605313378884535
Baori,434650.0,46493.63960791973,10.69679963370982
Barad (Hindu traditions),15050.0,1518.7804847762989,10.091564682898996
Barahar,138340.0,19391.470607749878,14.017255029456324
Barda,3530.0,353.6438232087824,10.018238617812534
Bardai,7200.0,763.3740607631347,10.602417510599093
Baret,1230.0,141.94396752766514,11.540159961598793
Bargi,12670.0,1600.3419933553596,12.630954959395101
Bargunda,38740.0,3931.492492805994,10.148406021698488
Bari (Hindu traditions),716930.0,72972.22365876216,10.178430761547453
Baria (Hindu traditions),292450.0,30202.787857552867,10.327504823919599
Bariki,7130.0,715.1703635867685,10.030439882002364
Barman,7480.0,737.4357517386514,9.858766734473951
Barua,1500.0,179.23096602126063,11.948731068084042
Barutgar,1220.0,124.49643785953351,10.204626054060125
Barwala (Hindu traditions),59720.0,6007.667445095521,10.059724455953651
Barwala (Muslim traditions),1610.0,164.99431533628044,10.248094120265867
Basith (Hindu traditions),18770.0,1970.0916722293252,10.495959894668754
Basith (Sikh traditions),8580.0,900.3458384039187,10.493541240138912
Basor,1038020.0,111377.87239166356,10.729838769162788
Basor Kandra,5990.0,691.6675575279552,11.547037688279719
Basor Vanjha,3990.0,425.1023636659525,10.654194578094048
Basushabar,2190.0,230.92515485168778,10.54452761879853
Bathada,3400.0,357.4780659301658,10.514060762651937
Bathudi,258640.0,26684.776748199827,10.317343314336462
Batwal (Hindu traditions),93270.0,9426.251315810716,10.106412904267948
Batwal (Muslim traditions),2500.0,274.0306499809559,10.961225999238236
Baul,11600.0,1195.1263829928214,10.302813646489838
Bauri,2231030.0,217096.42155691184,9.73077105896881
Bauti,1610.0,172.53174390598278,10.716257385464768
Bavcha,5050.0,506.441059085388,10.02853582347303
Bavuri,1280.0,132.84736871553537,10.3787006809012
Bawa,11800.0,1228.790095485925,10.41347538547394
Bawaria (Hindu traditions),185210.0,18950.49119244443,10.2318941701012
Bawaria (Sikh traditions),122160.0,12326.132025575092,10.090153917464876
Bazigar (Hindu traditions),371100.0,37347.17137777126,10.063910368572152
Bazigar (Muslim traditions),8180.0,881.0241886487961,10.770466853897263
Bazigar (Sikh traditions),118250.0,11860.985488057877,10.030431702374527
Bedar (Hindu traditions),2529110.0,255459.68700613448,10.100774067009125
Bedar Bile,125730.0,12667.956037856164,10.075523771459608
Bedar Kakamundi,112200.0,11315.183885455286,10.084834122509168
Bedar Kare,121230.0,12236.882227186687,10.093938981429256
Bedar Kashmir (Muslim traditions),4270.0,440.8896506585363,10.325284558747923
Bedar Myasa,68000.0,6874.232144820757,10.109164918854054
Bedar Naik Makkalu,123130.0,12409.449763523331,10.078331652337635
Bedar Punjab,11200.0,1141.8359638319616,10.194963962785373
Bedia (Hindu traditions),632830.0,65361.00497361308,10.328367013828846
Beg,3460.0,348.54832175618526,10.073650917808823
Behara,4050.0,415.88638372980444,10.268799598266776
Behlim,9180.0,1009.4591671958423,10.99628722435558
Belama,27030.0,2749.1203130988238,10.170626389562797
Beldar (Hindu traditions),1917410.0,192636.75346898363,10.046716845587726
Beldar (Muslim traditions),13150.0,2837.0810582030067,21.574760898882182
Beldar Kannada Balija Naicker,5800.0,652.5837688342073,11.251444290244953
Beldar Katani Uppara,18800.0,1896.10983286409,10.085690600340905
Beldar Laria (Hindu traditions),58800.0,6261.485271684889,10.648784475654573
Beldar Lonari (Hindu traditions),64190.0,6482.269771282066,10.098566398632288
Beldar Mith Gauda,1550.0,159.97671583901038,10.321078441226476
Beldar Narmada Uppara,22700.0,2304.138064002152,10.150387947146044
Beldar Sunkar,27580.0,2790.206011342865,10.116773065057524
Beldar Toreya,2020.0,220.050989807315,10.893613356797772
Beldar Urindavan,1100.0,110.63081647957755,10.057346952688869
Bellara,1670.0,172.6364543274197,10.337512235174833
Bengali Muslim Moghal,1986040.0,199659.20769217453,10.053131240668593
Beriya (Hindu traditions),51730.0,5177.041561591557,10.007812800292976
Besya (Hindu traditions),4010.0,429.169073355938,10.702470657255311
Besya (Muslim traditions),1900.0,196.33148272965832,10.333235933139912
Bhabra (Hindu traditions),44610.0,4473.277124686772,10.027521014765238
Bhabra (Jain traditions),35790.0,3598.966007190255,10.055786552641115
Bhabra (Sikh traditions),2060.0,208.1396768857297,10.103867809986879
Bhadayi,4400.0,456.11040343513173,10.36614553261663
Bhadela,15900.0,1864.6648051151965,11.727451604498091
Bhaina,88790.0,9277.870694265917,10.449229298643898
Bhakat,3290.0,330.6921847997009,10.051434188440757
Bhalla,4500.0,472.92407581494643,10.509423906998808
Bhampta,50150.0,5027.844148097761,10.02561146181009
Bhand (Hindu traditions),37670.0,3913.539544434407,10.389008612780481
Bhand (Muslim traditions),39550.0,4046.694609365803,10.23184477715753
Bhandari,732670.0,75100.16911449477,10.250203927347206
Bhangi Lal Begi (Muslim traditions),17230.0,1723.6061167188284,10.003517798716357
Bhansala,315110.0,31737.919449795594,10.072012773252387
Bhantu,14050.0,1394.482952190066,9.925145567189082
Bhanumati,2620.0,274.3811274389706,10.472562115991245
Bhar,2304180.0,231638.35011724342,10.05296244725861
Bharathar (Christian traditions),43960.0,0.0,0.0
Bharathar (Hindu traditions),14220.0,1427.0442730977513,10.035473087888548
Bharbhunja (Hindu traditions),1383530.0,139913.78631915906,10.112811888369537
Bharbhunja (Muslim traditions),72880.0,7446.191327087337,10.217057254510618
Bharewa,10710.0,1146.060476223324,10.70084478266409
Bharia Bhumia,363860.0,41002.84367913642,11.268851667986704
Bhaskar,1460.0,151.7066585714848,10.390867025444164
Bhat (Hindu traditions),1566770.0,159676.63571183203,10.191453481483052
Bhathiara (Hindu traditions),6970.0,745.2699050025697,10.692538091858962
Bhathiara (Muslim traditions),211330.0,21646.468373984688,10.242969939897169
Bhatia (Hindu traditions),264500.0,26540.595965017947,10.034251782615481
Bhatia (Muslim traditions),4050.0,435.6647527986325,10.757154390089692
Bhattra,351540.0,28760.40155050445,8.181260041675044
Bhavit,10600.0,1083.618882830327,10.222819649342709
Bhil Aher,37180.0,3730.8372937578406,10.034527417315333
Bhil Barela,1187460.0,107981.68757072787,9.093501050201933
Bhil Dhangri,55400.0,5706.517225314038,10.300572608870105
Bhil Dhanka,337280.0,33083.2663182713,9.808843192087078
Bhil Dubla,127690.0,12179.087905509505,9.53801229971768
Bhil Gametia,65600.0,6354.970062703605,9.687454363877448
Bhil Kataria,34500.0,3282.295532257089,9.513900093498808
Bhil Mankar,256700.0,28702.695108062646,11.181416091960516
Bhil Mavchi (Hindu traditions),561970.0,53017.14631812954,9.434159531314759
Bhil Mina,122240.0,12517.427463589887,10.240042100449841
Bhil Nihal,372760.0,36111.57559060639,9.687620879548877
Bhil Paware,116300.0,11035.62331676614,9.488928045370713
Bhil Rathia,94200.0,9385.771402832459,9.963663909588599
Bhil Tadvi,527110.0,53124.40526006769,10.078428650579136
Bhil unspecified,16951820.0,1670328.57846646,9.853387886766496
Bhil Vasave,1229500.0,118746.12195076942,9.658082305877953
Bhin,1690.0,194.07711510225892,11.483852964630705
Bhirai,1180.0,120.06723198846922,10.175189151565188
Bhisti,617550.0,62022.62257404327,10.043336179101816
Bhogta,287900.0,29220.59668789534,10.14956467102999
Bhoi (Hindu traditions),6477200.0,650579.651631362,10.044149503355802
Bhoi (Muslim traditions),14560.0,1500.2700458236486,10.30405251252506
Bhoi Ghogra,62310.0,6582.984759816915,10.564892890092947
Bhoi Kamti,33000.0,3310.7679523654792,10.03263015868327
Bhoi Kharbind,581040.0,58253.45278524234,10.025721600103667
Bhoi Kharot,204380.0,21172.00677573144,10.359138259972326
Bhoi Mallah Mewat,691960.0,71587.53483930462,10.345617498020784
Bhoi Nikhad,73220.0,7497.442799078845,10.239610487679386
Bhojki,4710.0,504.2678600953121,10.706323993531042
Bhoksa,66290.0,6712.774172186508,10.126375278603874
Bhotia,128070.0,14282.849990012615,11.152377598198342
Bhotia Sikkim,95810.0,7719.458108082457,8.05704843761868
Bhotia Tibetan,3490.0,360.5997904760556,10.332372219944288
Bhottada,522040.0,55112.40490047577,10.557122998328818
Bhoyar,242200.0,25097.652709281825,10.362366931990845
Bhuinhar,1110450.0,114703.40160629498,10.329452168606869
Bhuinmali,179080.0,19921.280368920532,11.124235184789217
Bhuiya Ghatwar,353900.0,40858.97383335025,11.54534440049456
Bhuiya unspecified,1789480.0,178037.95138429446,9.949144521553437
Bhulia,164510.0,17758.976364974973,10.795074077548461
Bhumia,178020.0,18434.28981938648,10.355179091892191
Bhumij,1262100.0,125238.80831860511,9.923049545884249
Bhunjia,28800.0,3269.560778677873,11.352641592631503
Bhurtia,16360.0,1662.3848198300932,10.16127640482942
Bhuyiar,37600.0,3780.88836104548,10.055554151716702
Biar (Hindu traditions),425790.0,44495.0454765867,10.4499977633544
Biate,17670.0,1096.0209673576364,6.202721943167156
Bidur,404480.0,40652.302021392185,10.050509795636913
Bilaspuri,1240.0,132.1700655222439,10.658876251793863
Billedar,8600.0,865.0125199180516,10.05828511532618
Bind,1126970.0,112886.79104830611,10.016840825248774
Bindla,17740.0,1827.90656730181,10.303870165173674
Binjhal,154310.0,16310.694366000671,10.570082539045215
Binjhia,201830.0,19517.32463516084,9.670180169033761
Birhor,22910.0,3026.610042069068,13.210868799952284
Birjia,16240.0,1357.076042656824,8.35637957301
Bisati,8870.0,927.112023050115,10.452221229426325
Bishnoi (Hindu traditions),750270.0,83049.8720579,11.069331315113224
Bishnupriya Manipuri,97970.0,9701.693804955661,9.902719000669247
Biswas (Muslim traditions),5400.0,551.1411485157348,10.2063175651062
Bodh (Buddhist traditions),132200.0,20129.245095623057,15.226357863557533
Bodh (Gahri),2500.0,693.4812760055478,27.739251040221912
Bodo (Hindu traditions),1643370.0,60356.26030964222,3.6727127980699548
Bohra,1250590.0,131525.23331599595,10.51705461550116
Boipari,16600.0,1834.6845577275108,11.05231661281633
Bokar,5280.0,73.24342279822373,1.3871860378451464
Bola,3370.0,366.2836841217406,10.868952051090226
Bolasi,26040.0,2648.3730913468007,10.170403576600616
Bolodia,2200.0,223.77652983108646,10.171660446867566
Bomba,2070.0,208.78186771785047,10.086080566079733
Bondili,2950.0,296.00402126314987,10.034034619089827
Bondo Poraja,13650.0,1403.8784179898462,10.284823575017189
Bori,3700.0,6.129328838492185,0.16565753617546447
Boria,5060.0,575.0205183520015,11.364041864664062
Boria Assam,208110.0,21168.50174993662,10.17178499348259
Bosantiya,5960.0,606.8142454943123,10.18144707205222
Bot,2500.0,253.08400942918706,10.123360377167483
Boya,4519060.0,451932.59402797127,10.000588485834914
Brahma Kshatriya,28640.0,2879.909620491807,10.055550350879214
Brahmin (Sikh traditions),104190.0,10467.936327640577,10.046968353623742
Brahmin Acharaj,62040.0,6410.203012466213,10.332371071028712
Brahmin Acharya,82840.0,8423.769164270865,10.168721830360774
Brahmin Ahirwasi,35100.0,3666.7810032507336,10.446669524930865
Brahmin Anavada,29230.0,3245.1665649487727,11.102177779503156
Brahmin Anavala,94070.0,9536.48540955434,10.137647931917018
Brahmin Ashtashasram,40600.0,4434.893041403327,10.923381875377652
Brahmin Audich,523310.0,52882.032151757056,10.105297462642996
Brahmin Bagda,78840.0,8085.304073948781,10.255332412416006
Brahmin Bais,29380.0,2950.251302823268,10.041699465021333
Brahmin Baragaon,34190.0,3744.7860089506153,10.952869286196593
Brahmin Barna,32000.0,3206.06437091852,10.018951159120375
Brahmin Bengali,221000.0,22100.038962781764,10.000017630217993
Brahmin Bhagor,110680.0,16313.110081500066,14.738986340350621
Brahmin Bhat,27100.0,2713.8212876050297,10.014100692269484
Brahmin Bhatt,60200.0,6903.221011844343,11.467144537947412
Brahmin Bhojak,66150.0,6642.38641433021,10.041400475177943
Brahmin Bhumihar,3133760.0,319051.64641850995,10.181112989460264
Brahmin Bohara,40210.0,4040.5327530912045,10.048576854243233
Brahmin Chakula,47800.0,5197.38230072089,10.873184729541611
Brahmin Chaturvedi,55240.0,5577.23736775852,10.096374670091455
Brahmin Chaube,41970.0,4367.393442704521,10.40598866500958
Brahmin Chitpavan,544540.0,54964.801727246435,10.093804261807476
Brahmin Christian,5480.0,53.617984771751495,0.97843037904656
Brahmin Daima,84820.0,8961.676782932434,10.565523205532227
Brahmin Dakaut,84000.0,8606.011719691876,10.245252047252233
Brahmin Dakshini,130300.0,16123.277742303173,12.373966034000901
Brahmin Deshastha,633580.0,65124.461766824585,10.278806428047695
Brahmin Devarukha,36280.0,3654.7386145001674,10.073700701488884
Brahmin Dhiman,50210.0,5298.060602012694,10.551803628784494
Brahmin Dravida,139610.0,14139.6133749251,10.12793737907392
Brahmin Ganak,66960.0,6962.396116312521,10.397843662354422
Brahmin Gangadi,85220.0,8722.313779511729,10.235054892644602
Brahmin Gaud Saraswat,319380.0,32476.618293645428,10.16864496638657
Brahmin Gaur,3485080.0,349598.187535389,10.031281564135945
Brahmin Gujar Gaur,305060.0,31195.95369748637,10.22616983461823
Brahmin Gujarati,145110.0,14706.41010126715,10.134663428617705
Brahmin Halbani,313750.0,32330.922807108185,10.304676591906992
Brahmin Haryana,131640.0,13974.97658797258,10.616056356709649
Brahmin Havik,28770.0,2989.0989070834103,10.389638189375775
Brahmin Holia,36500.0,3893.5990382916384,10.667394625456543
Brahmin Iyer,323920.0,35239.37195577724,10.879035550684502
Brahmin Jijhotia,564230.0,61170.5759358922,10.841425648386686
Brahmin Joshi,428930.0,48629.68403302611,11.33744061572427
Brahmin Jyoti,145330.0,14626.043928615405,10.064022520206017
Brahmin Kanaujia,4876610.0,489161.8422619611,10.030776343852823
Brahmin Kannada,495250.0,49770.95712788231,10.049663226225606
Brahmin Karbadu,64980.0,6544.889683714435,10.072160178077
Brahmin Karhada,91180.0,9308.009995688084,10.208389993077521
Brahmin Kashmiri Pandit,794730.0,84868.665446405,10.678930636367696
Brahmin Khandelwal,324690.0,33762.02776910954,10.398234552683958
Brahmin Khedawal,43410.0,4449.56514537612,10.250092479557983
Brahmin Kosala Nadu,55230.0,5587.909285102819,10.11752541209998
Brahmin Maha,222390.0,22735.903646724284,10.223437945377169
Brahmin Mahant,32800.0,3689.068856554539,11.24716114803213
Brahmin Mahratta,509570.0,52472.47301627593,10.297402322796854
Brahmin Maithili,24940.0,3674.9708058307356,14.73524781808635
Brahmin Malvi,88200.0,11739.146712674405,13.309690150424494
Brahmin Marathi,100130.0,10037.677378749655,10.024645339807904
Brahmin Mastan,90590.0,9127.727399351255,10.075866430457287
Brahmin Mewada,110630.0,11406.35361129759,10.310362118139375
Brahmin Modh,144990.0,14742.17173150493,10.167716209052301
Brahmin Mukkaniyar,28050.0,2946.375155382137,10.504011249134178
Brahmin Muttad,54970.0,5683.548027278431,10.339363338690978
Brahmin Nagar,123360.0,12649.757432959288,10.254342925550656
Brahmin Nambudiri,107960.0,11075.620406728563,10.259003711308413
Brahmin Ojha,60470.0,6095.92313209053,10.080904799223632
Brahmin Palliwal,100100.0,10601.760929460972,10.59116975970127
Brahmin Pancha Dravida,163550.0,16399.39844973844,10.027146713383333
Brahmin Parikh,163430.0,17005.777552592263,10.40554216030855
Brahmin Potti,31490.0,3166.331420000131,10.055037853287173
Brahmin Purohit,125940.0,12743.899735946232,10.11902472284122
Brahmin Pushkarna,101750.0,11279.640110420658,11.08564138616281
Brahmin Radhi,1847100.0,186908.41437661595,10.119019781095552
Brahmin Rikhisur,59170.0,5928.133328832839,10.018815833755008
Brahmin Sakaldwipi,546550.0,55538.93365666377,10.161729696581059
Brahmin Sanadhya,3077770.0,319266.39750985,10.373302667510892
Brahmin Sankliwal,55470.0,5842.909389765661,10.533458427556628
Brahmin Saraswat,680980.0,69012.03985485932,10.134224184977434
Brahmin Sawaria,4794390.0,480435.7106048312,10.02078910152973
Brahmin Sholiar,53630.0,5585.437709134812,10.414763582201775
Brahmin Sikhwal,53870.0,5452.294915944217,10.121208308788225
Brahmin Srigaud,113960.0,13706.936380252117,12.027848701519932
Brahmin Srimali,63900.0,6449.599897494054,10.093270575108065
Brahmin Tamil,531010.0,58114.610627256945,10.94416501144177
Brahmin Tapodhan,33820.0,3496.1654105989483,10.337567742752656
Brahmin Telaganya,237510.0,24285.40038137051,10.225001213157556
Brahmin Telugu,1159350.0,117400.74942220104,10.12642855239583
Brahmin Trivedi Mewada,58470.0,6795.556931142828,11.622296786630457
Brahmin unspecified,58571650.0,5912452.122998074,10.094392292172193
Brahmin Utkal,210910.0,22098.4673096117,10.477676406814139
Brahmin Vadama,49270.0,5405.383941957809,10.970943661371644
Brahmin Vaidik,219270.0,22657.381879027158,10.333097039735103
Brahmin Varendra,300320.0,30621.70656105541,10.196359403654572
Brahmin Velanadu,138580.0,14005.643814079402,10.106540492191805
Brahmin Vyas,174650.0,17612.35286274772,10.084370376609058
Broq-Pa,54610.0,6124.578546333413,11.215122772996546
Bru,232890.0,10220.384739706422,4.388503044229646
Budega Jangam,348930.0,35075.534502791044,10.052312642303914
Budhan (Muslim traditions),3100.0,349.2006959252974,11.2645385782354
Bujur,2820.0,0.0,0.0
Buna (Hindu traditions),473900.0,47582.91051738274,10.040707009365423
Burmese,13100.0,1423.9260230092148,10.869664297780265
Byagara,14140.0,1421.5497266379175,10.053392691923037
Byansi,1100.0,200.0588915974669,18.187171963406083
Byari (Beary),512030.0,51835.58671202404,10.12354485323595
Chachati,1650.0,182.4973289291005,11.060444177521243
Chackaravar,37380.0,3784.8677816555746,10.1253819733964
Chackaravar Christian,5550.0,0.0,0.0
Chadar,160090.0,15997.615119273783,9.992888449793107
Chadwa,4420.0,450.8412972002808,10.200029348422643
Chain,590480.0,59620.91788483578,10.097025790007413
Chakhesang,176320.0,0.0,0.0
Chakkiliyan (Christian traditions),133500.0,88.08840189896308,0.06598382164716336
Chakkiliyan (Hindu traditions),967490.0,107019.47810788229,11.061559097032763
Chakma,246500.0,16948.84760640778,6.875800246007213
Chaliyan,6500.0,662.2153527025346,10.187928503115916
Chalvadi,253790.0,25549.456206169303,10.067164272102644
Chamar (Hindu traditions),51682480.0,5140519.362937432,9.946348091147003
Chamar (Sikh traditions),1766740.0,172433.1515491257,9.759961938322883
Chamar Raigar,72660.0,7322.278243702909,10.077454230254485
Chamta,1470.0,149.42546307305562,10.164997487962967
Chanal,27690.0,3080.387548865684,11.124548749966356
Chandala,7950.0,804.6793670345303,10.1217530444595
Chang,73200.0,0.0,0.0
Changgar,3430.0,349.0487686558936,10.176348940405061
Changpa,3020.0,411.67485994218646,13.631617878880345
Chapparband (Hindu traditions),7050.0,725.172040973263,10.286128240755504
Chapparband (Muslim traditions),6670.0,669.6296506738593,10.039425047584096
Chaptegar,7600.0,775.1786436862848,10.19971899587217
Charan (Hindu traditions),356720.0,37694.437284615946,10.566953712888525
Charandasis,1410.0,141.63803567173537,10.045250756860664
Charodi,12090.0,1218.255125060095,10.07655190289574
Charumba,1060.0,266.50786270975897,25.142251199033865
Chasadhobi,107250.0,10771.83158412203,10.043665812701194
Chaudhari caste,13130.0,1317.5003569697571,10.034275376768905
Chaudhari tribal,341570.0,29685.837068820045,8.690996594788784
Chauhan,32540.0,3254.4923500461737,10.001513060990085
Chaupal,101020.0,10216.802258008194,10.11364309840447
Chaura,4500.0,574.5312264672032,12.76736058816007
Chavalakkaran,24200.0,2439.619634255771,10.0810728688255
Chavalakkaran Christian,4510.0,0.0,0.0
Chayakkaran,46460.0,4817.281266512975,10.368663939976269
Chenchu,79940.0,7357.9797414139675,9.204377960237638
Chenna Dasar,84430.0,8537.563834157763,10.112002646165774
Chepang,1400.0,143.91995751302318,10.279996965215942
Chero,178800.0,19687.050617914585,11.01065470800592
Cherua,2480.0,255.95332398669444,10.320698547850583
Cheruman (Hindu traditions),421600.0,42969.966459477706,10.192117281659797
Cheruman (Muslim traditions),47600.0,4820.935902375246,10.128016601628667
Cherumar Christian,519060.0,68.92515768255413,0.01327884207655264
Chhetri,241390.0,24398.512188452896,10.10750743131567
Chhimba (Hindu traditions),145980.0,14715.058078119126,10.080187750458368
Chhimba (Muslim traditions),4400.0,459.68955920755445,10.447489981989873
Chhimba (Sikh traditions),138600.0,14228.532442839933,10.265896423405435
Chhipa (Hindu traditions),510000.0,52554.75491963569,10.304853905810921
Chhipa (Muslim traditions),93570.0,9694.1044499487,10.360269797957358
Chhipa (Sikh traditions),135760.0,13734.621356438609,10.116839537742052
Chidar,41470.0,4768.668820572661,11.499080830896217
Chik (Hindu traditions),125290.0,12564.629274620425,10.028437444824348
Chik (Muslim traditions),4300.0,437.2636801570228,10.168922794349369
Chik Baraik,137710.0,10490.702210647036,7.6179668946678065
Chiru,10360.0,0.0,0.0
Chitara,5970.0,691.6696604669676,11.585756456733124
Chitrakar (Hindu traditions),70050.0,7075.350729449086,10.100429306850945
Chitrakar (Muslim traditions),7020.0,716.474629002717,10.206191296335
Chodhara,9680.0,994.8795592291566,10.277681396995419
Chopan,3700.0,382.8485381983668,10.347257789145047
Chothe,4160.0,13.578787955174167,0.326413171999379
Christian,1579050.0,1086.4261548195389,0.06880251764159076
Chudigar,1360.0,239.18528664402555,17.58715342970776
Chuditya,6700.0,681.4920681702014,10.171523405525393
Chunvalia,24590.0,2644.044397067584,10.75251889820083
Dabgar (Hindu traditions),130990.0,13297.582371920074,10.151601169493912
Dabgar (Muslim traditions),2690.0,280.65510207154944,10.433275169946075
Dadhi (Muslim traditions),2570.0,283.44520768861275,11.028996408117228
Dadupanthi,3290.0,348.9931041598291,10.607693135557115
Dagi (Hindu traditions),153940.0,15492.301476870962,10.06385700719174
Dahait,62850.0,6347.676480550031,10.099723914956293
Daharia,12020.0,1520.3693814681958,12.648663739336072
Dahiara,3100.0,315.6671321108498,10.18281071325322
Dahur (Hindu traditions),16650.0,1674.4160842008866,10.056553058263583
Dai (Muslim traditions),15180.0,1518.9916917619287,10.006532883807171
Dakkal,6290.0,630.7799326854624,10.02829781693899
Dal,28820.0,3107.6983480200615,10.783130978556771
Dalu,20980.0,2190.2143855310774,10.439534726077584
Daman Catholic,2800.0,0.0,0.0
Dammalia,7140.0,731.68729331573,10.24772119489818
Damor,106300.0,10444.467821028895,9.825463613385601
Dandasi,76410.0,7699.433892847801,10.076474143237537
Dangashia,4700.0,565.8700803697307,12.039788944036822
Dangi,800660.0,90070.59529696111,11.249543538700712
Darai,13990.0,1448.6625250905577,10.354985883420714
Daraiha,14600.0,1928.771791848082,13.210765697589602
Darjee,57120.0,5073.151272553127,8.881567353909535
Daroga (Hindu traditions),1151980.0,123225.12251307149,10.6968109266716
Daryadasi,13000.0,1301.040832666133,10.0080064051241
Darzi (Hindu traditions),2985000.0,306623.5692734455,10.272146374319783
Darzi (Muslim traditions),1148580.0,115749.96076639733,10.077657696146314
Darzi (Sikh traditions),44710.0,4537.819459237196,10.149450814666059
Darzi Chhipi (Hindu traditions),10960.0,1133.6787473609934,10.34378419124994
Darzi Chhipi (Muslim traditions),12700.0,1340.535153597858,10.555394910219354
Darzi Kaithiya (Hindu traditions),60660.0,6137.362299126437,10.117643091207446
Darzi Kaithiya (Muslim traditions),21080.0,2114.768502914454,10.032108647601774
Darzi Mathuria (Hindu traditions),22330.0,2361.736132228876,10.576516490053185
Darzi Mathuria (Muslim traditions),12160.0,1233.8462869161904,10.146762227929198
Darzi Namdev (Hindu traditions),142870.0,14401.655815195872,10.080251847970793
Darzi Namdev (Muslim traditions),16880.0,1717.5718737673567,10.175188825635999
Darzi Sribastab (Hindu traditions),140140.0,14084.154277423642,10.050060138021722
Darzi Sribastab (Muslim traditions),26650.0,2773.195643340072,10.405987404653178
Daule (Hindu traditions),9190.0,954.1822608179277,10.382832000195078
Deha,37140.0,3721.285093454263,10.019615222009325
Deori,58430.0,5887.576621255098,10.076290640518737
Dera,3770.0,386.9494193659986,10.263910328010573
Deshwali (Hindu traditions),205270.0,34404.949240339716,16.76082683311722
Deshwali (Muslim traditions),7600.0,784.5227317371294,10.322667522856968
Desil,1360.0,137.15098882131608,10.084631530979122
Devadasi,24580.0,2544.2734044733497,10.350990254163344
Devadiga (Hindu traditions),171000.0,17536.146335824596,10.25505633673953
Devadiga Kalavant,8030.0,836.4419563179823,10.416462718779357
Devanga,552120.0,54540.21843728768,9.878326892213229
Devangri,57200.0,5824.392352059586,10.182504111992284
Devendrakulathan,98890.0,10076.574847372283,10.189680298687717
Devhar,18800.0,2263.385881183431,12.039286602039526
Devipujak Vaghri (Hindu traditions),630400.0,63630.43735395139,10.093660747771477
Dewar,1145510.0,118192.91759112147,10.317929794687211
Dhakad,806830.0,90738.62473203849,11.246312696855409
Dhakoda,19170.0,2044.7819738063006,10.666572633314034
Dhangar Bharwad,3141610.0,321635.07104954415,10.237905756906304
Dhangri,26090.0,2655.2558595332366,10.17729344397561
Dhanka,467140.0,47729.33929033588,10.217352247792071
Dhankia,1520.0,152.91460946467842,10.06017167530779
Dhanuk,4740300.0,475484.99532543577,10.030694161243714
Dhanuk Dhankar,84100.0,9344.806440673208,11.111541546579321
Dhanwar,74910.0,7843.697344846575,10.470828120206347
Dhaogri,1740.0,182.23829136102592,10.473465020748614
Dharhi (Hindu traditions),28290.0,2844.3591044958694,10.054291638373522
Dharhi (Muslim traditions),40160.0,4127.675739678985,10.278077041033331
Dharkar,155350.0,15555.109157373277,10.012944420581446
Dharua,20950.0,2469.6551784298053,11.788330207302174
Dhavad,2000.0,209.09738710804555,10.454869355402277
Dhiar,9730.0,1081.1028787991252,11.111026503588132
Dhimal,5800.0,587.0414184283063,10.121403766005281
Dhimar,2135810.0,223540.34269631785,10.46630284043608
Dhobi (Hindu traditions),11983700.0,1210155.1914776294,10.098343512251052
Dhobi (Muslim traditions),1098800.0,113631.96084762603,10.341459851440302
Dhobi (Sikh traditions),10230.0,1030.517642361829,10.07348624009608
Dhobi Ajudhyabansi,220020.0,22972.528915152787,10.441109406032536
Dhobi Batham,453670.0,46214.214985627616,10.186746971505196
Dhobi Kanaujia,546020.0,55470.21357061491,10.159007650015552
Dhobi Kathiya,119770.0,12380.331970484802,10.336755423298657
Dhobi Mathuria,195710.0,20438.32091301338,10.443166375255931
Dhobi Parit,287160.0,29101.985643172295,10.13441483603994
Dhobi Sribastab,200780.0,20162.61299876765,10.042142145018254
Dhodia,767620.0,77752.29627987831,10.129008660519307
Dholi (Hindu traditions),268070.0,30045.35933460535,11.208027505728111
Dholi (Muslim traditions),6630.0,1004.9208247342088,15.157176843653225
Dhor,168120.0,16862.582960263735,10.030087413908955
Dhund,11430.0,1295.74542695308,11.336355441409275
Didayi,12930.0,1277.7354612972629,9.881944789615336
Digaru,1220.0,286.3456571727286,23.470955505961356
Divehi,1350.0,173.7769256720663,12.872364864597504
Doai,10790.0,1153.0469322365811,10.686255164379807
Dohor,65770.0,6659.439137417654,10.125344590873732
Dolapati,8170.0,831.2530324632891,10.174455721704884
Doluva,12690.0,1294.201327363583,10.1985920202016
Dom (Dombara),82940.0,8736.832558488511,10.5339191686623
Dom (Hindu traditions),2432450.0,247396.09369759427,10.17065484172724
Dom (Muslim traditions),204700.0,20688.72394086972,10.106850972579249
Dom (Sikh traditions),14970.0,1559.198160707288,10.415485375466185
Dom Murdafarash,199830.0,20317.771002834714,10.16752790013247
Domal,14660.0,1550.5469294620616,10.576718482005877
Domar,27780.0,3236.6447192679884,11.65098891025194
Dora,9750.0,1037.7714766150723,10.643810016564844
Dosali,2250.0,236.7425734356411,10.52189215269516
Dowaniya,3200.0,335.16324761629585,10.473851488009245
Drukpa,13760.0,1405.4269127971045,10.213858377885934
Dubla Talavia,328120.0,33428.74480603533,10.187963186040268
Dubla unspecified,678180.0,68219.89815756792,10.059261281307016
Dudekula,11530.0,1154.8085772601883,10.015685839203714
Dudhwala,4250.0,497.3476977325043,11.70229877017657
Dulia,453140.0,45563.348547768575,10.055026823447186
Dura,3510.0,304.3857192964366,8.671957814713293
Durgamurgi,1450.0,147.1557512185289,10.14867249782958
Dusadh (Hindu traditions),6328250.0,631995.1703579109,9.986886901717076
Dusadh (Muslim traditions),14090.0,1411.0659683077902,10.014662656549255
Dusadh Bahelia,782240.0,79422.33646059076,10.153192940860958
Ellamalawar,5580.0,570.0718622972164,10.216341618229684
Eluthassan,48000.0,4833.205427559067,10.069177974081391
Eravallan,8690.0,873.7929057776299,10.05515426671611
Faqir,102020.0,11083.613723301889,10.864157737014201
Gadaba,153670.0,18066.892322398773,11.75694170781465
Gadaria (Hindu traditions),6732820.0,681695.3097232032,10.124959671032393
Gadaria (Muslim traditions),4480.0,455.70016892765364,10.171878770706556
Gadaria Dhingar,1337900.0,136660.08652391788,10.21452175229224
Gadaria Nikhad,1530580.0,153834.81864756983,10.050753220842415
Gaddi (Hindu traditions),263890.0,27338.219542917985,10.35970273330478
Gaddi (Muslim traditions),490180.0,49180.4078352249,10.03313228512483
Gagra,1140.0,119.62091383234777,10.493062616872612
Galleban,1480.0,152.49942022422508,10.304014880015208
Galong,90800.0,2609.7322525489535,2.8741544631596403
Gamit,513610.0,35657.75839396885,6.942574792930209
Gammalla,2810.0,295.54648363091457,10.517668456616176
Ganda,1423880.0,147311.60110223084,10.345787643778328
Gandharb (Hindu traditions),16600.0,1665.725222363151,10.034489291344284
Gandharb (Muslim traditions),6230.0,662.2913172384808,10.630679249413816
Gandhi (Muslim traditions),5690.0,598.7265790064005,10.522435483416528
Gandhila,6060.0,651.6788846656395,10.753776974680521
Gandhmali,15420.0,1658.7095455472593,10.756871242200125
Gandia Odisha,3930.0,347.53776839372273,8.843200213580731
Gandla,84870.0,8719.219649584345,10.273618062430005
Gangai,5740.0,580.58815537848,10.114776226105922
Gangakula,1749380.0,177305.83653784115,10.135352898617862
Gangte,24280.0,44.04997049863556,0.18142491968136557
Gantichore,5550.0,562.2811095010269,10.131191162180665
Ganz,1690.0,172.66857192286082,10.217075261707741
Gaondi,2400.0,246.97797965197003,10.290749152165418
Garasia,434980.0,43584.73241865695,10.019939403801773
Gardi (Hindu traditions),5910.0,599.7623246207343,10.148262683937974
Garo (A-chik Mande),1243010.0,5610.28678792802,0.4513468747578877
Garoda (Hindu traditions),141990.0,15061.061951467073,10.607128636852647
Garpaguri,37160.0,3721.4931976721264,10.014782555630049
Gatti,7200.0,731.0218214074346,10.153080852881036
Gauda,2296280.0,237480.85712839867,10.341981689009994
Gauda tribe,121000.0,6815.824400208789,5.63291272744528
Gavara,19790.0,2036.9651460366315,10.292901192706577
Gawaria,99370.0,10648.306212758784,10.715815852630355
Gawli,20300.0,2060.5539368664568,10.15051200426826
Gayinta,2470.0,254.47851946121978,10.30277406725586
Ghadasi,9740.0,975.8642793798995,10.019140445378845
Ghadi,6900.0,710.3371947425036,10.294741952789908
Ghanchi (Hindu traditions),129790.0,13410.762911053529,10.332662694393658
Ghanchi (Muslim traditions),140260.0,15039.315407908614,10.722455017758886
Ghantarghada,8190.0,818.1498213920422,9.989619308816145
Gharti,25990.0,2379.6412782550155,9.155987988668778
Ghasiya (Hindu traditions),501430.0,48704.640617618956,9.713148518760137
Ghazi,1700.0,174.79858083107692,10.282269460651584
Ghirth (Hindu traditions),154150.0,16269.412846237075,10.554273659576435
Ghisadi,21770.0,2186.698855880626,10.04455147395786
Ghosi (Hindu traditions),328860.0,34776.57655353405,10.574887962517195
Ghosi (Muslim traditions),200300.0,20589.923891610928,10.279542631857677
Ghusuria,105830.0,11611.636123373502,10.971970257368897
Giddikki,81060.0,8466.68647258839,10.444962339734012
Gidhiya (Hindu traditions),1490.0,157.14016479681078,10.546319785020858
Goanese,660210.0,73.4174144504936,0.011120312393101225
Godagali,3960.0,403.0548491220168,10.178152755606485
Godari,1230.0,131.7170338169087,10.708701936334041
Godda,2830.0,288.0460324277126,10.178305032781363
Godiya,13500.0,1373.4496134248864,10.173700840184344
Godra,3880.0,419.55218166249114,10.813200558311626
Gokha,248470.0,25355.25902766468,10.204555490668765
Goley,14200.0,1510.5807364238676,10.637892510027237
Golla,154660.0,15974.693292231961,10.32891070233542
Gond Arakh,48900.0,4922.758510423835,10.066990818862648
Gond Dhuriya,188870.0,18965.38001448154,10.041499451729518
Gond Dorla,181530.0,19562.94664439019,10.776701726651346
Gond Ghotul Muria,23400.0,2408.163886661054,10.291298660944676
Gond Jetwant,39320.0,3897.9498294036266,9.913402414556527
Gond Jhare,113830.0,11596.934213999953,10.18794185539836
Gond Kandra,19900.0,2150.9810295880325,10.808949897427299
Gond Mannewar,53800.0,5565.852794246541,10.345451290421078
Gond Maria,1706270.0,156869.20274002012,9.193691663102564
Gond Muria,773050.0,79865.21853923285,10.331184081137422
Gond Nagawasi,172650.0,16524.31348628273,9.570989566338099
Gond Raja Muria,56000.0,5792.015935862214,10.342885599753954
Gond Rajgond,1377770.0,136229.73193765554,9.887697651832712
Gond Singhrolia,27450.0,2881.9262328971854,10.498820520572623
Gond Sonjhari,54700.0,5572.963950541707,10.188233913238953
Gond unspecified,14434520.0,1339767.4683531667,9.281690477779424
Gondaru,109700.0,11458.478022188943,10.445285343836776
Gondhali,65850.0,6655.162465439843,10.106548922459899
Gonrhi,912190.0,91628.29871013145,10.044869896636826
Gontara,1310.0,134.64602714027853,10.27832268246401
Gopal,42760.0,4359.509737060986,10.195298730264232
Gorait,11410.0,1122.446129988979,9.83738939517072
Goriya (Hindu traditions),367820.0,36888.79626500378,10.029034926051814
Goriya (Muslim traditions),18090.0,1809.6332969405132,10.00350081227481
Gosain Dasnami,457800.0,47815.91749048774,10.44471766939444
Gosain unspecified,1584930.0,165194.1303427215,10.422802921436372
Gosangi (Hindu traditions),34920.0,3733.2748810548765,10.690936085495064
Goudu,8330.0,868.413824233248,10.425135945177047
Gowari,550130.0,56246.321675643536,10.224187314933477
Gowdulu,10280.0,1096.557484295856,10.666901598208717
Gual,1560.0,158.81360390850398,10.180359224904102
Gudigar,3400.0,340.8007885750588,10.023552605148787
Gujar (Hindu traditions),8102690.0,813547.2017079106,10.040458189908668
Gujar (Muslim traditions),527250.0,53851.15214196707,10.213589785105182
Gujar (Sikh traditions),53030.0,5491.8250911335845,10.356072206550225
Gujjar (Hindu traditions),69060.0,6553.749795846392,9.489935991668682
Gujjar (Muslim traditions),1145680.0,117906.27713669231,10.291379541991857
Guna,2240.0,232.635676765377,10.385521284168616
Guria,830640.0,86624.10480917692,10.42859780520766
Gurung Ghaleg,131560.0,11776.749791666003,8.951618874784131
Habura,8050.0,811.8056421305133,10.084542138267247
Hadi,1104080.0,105630.18777123034,9.567258511270047
Hajam,2248370.0,227328.71283224144,10.110823077707025
Hajang,90520.0,8905.374323192256,9.838018474582697
Hajang Banai,5530.0,668.7881763105016,12.093818739792074
Hakki Pikki,28280.0,2613.6510156347613,9.242047438595337
Halalkhor (Hindu traditions),8120.0,812.469653758049,10.005783913276465
Halalkhor (Muslim traditions),4200.0,424.03216593393967,10.096003950808088
Halam,47200.0,1564.8482757821198,3.315356516487542
Halam Chorei,3520.0,96.67958906324657,2.746579234751323
Halam Kaipeng,5960.0,216.82981784364978,3.6380841920075464
Halam Kaloi,3500.0,168.48761722477252,4.813931920707786
Halam Molsom,6000.0,156.43811587760905,2.607301931293484
Halam Rupini,5200.0,171.20928192942904,3.2924861909505583
Halba,824890.0,80318.51703841082,9.73687607298074
Halba Kewat,4690.0,492.48474834563245,10.50074090289195
Hali,48450.0,4876.147932172473,10.064288817693443
Halleer,4900.0,502.7096036616001,10.259379666563268
Halsar,12100.0,1245.6063346910837,10.294267228851933
Halwai (Hindu traditions),1638110.0,165160.73699270134,10.082395992497533
Halwai (Muslim traditions),194760.0,19487.649367673403,10.005981396422984
Halwai Maira,141800.0,14234.211595962208,10.038231026771657
Halwakki Wakkal,155480.0,16215.00563255452,10.428997705527733
Hammal,1830.0,216.26976743069696,11.818020078180162
Han Chinese Mandarin,8940.0,893.5302459943606,9.994745480921258
Hanabar,85960.0,8743.963511515618,10.172130655555629
Hande Jogi,32230.0,3238.383067093908,10.04772903224917
Haomei,75300.0,38.27000680674712,0.050823382213475585
Harjala,1700.0,177.17063021252983,10.421801777207637
Harkantra,22100.0,2310.187650785714,10.453337786360697
Harni,1090.0,122.0554841590144,11.19775084027655
Hasalaru,29080.0,2935.018044386028,10.092909368590194
Hasla,1410.0,142.20192614980397,10.0852429893478
Hatkar,398550.0,40174.82502378347,10.080247151871403
Hazra (Hindu traditions),5280.0,532.634907508279,10.08778233917195
Hela,59240.0,6202.274662960563,10.469741159622826
Hijda,200660.0,20138.287157977567,10.036024697487077
Hill Pulayan,113720.0,11381.594507932108,10.008436957379624
Hira,65390.0,6507.741792152197,9.952197265869701
Hmar,110750.0,18.5975860782077,0.016792402779420047
Ho,1212200.0,94765.09038634204,7.817611812105431
Hojai,5010.0,431.52624569936233,8.613298317352541
Holar,183040.0,19004.48004014989,10.382692329627345
Holaya,912860.0,91805.80536415511,10.056942506425422
Holaya Dasar,14850.0,1513.6489013104424,10.192921894346412
Hrangkhol,8180.0,916.1009153544676,11.199277693819896
Hurkiya,4900.0,493.82687321006995,10.078099453266734
Idayan,80580.0,8088.536750344993,10.037896190549755
Idu,9090.0,1333.2665131120675,14.66739838407115
Ilavan,6535950.0,670539.4859622112,10.25925054448414
Ilavan Christian,133130.0,17.231289420638532,0.012943205453795938
Ilavaniyan,35620.0,3725.555808958565,10.459168469844373
Ilavathi,60030.0,6161.939002034316,10.264765953746986
Ilayathu,37560.0,3832.8993655852787,10.204737395061978
Illemei,107430.0,0.0,0.0
Irular,250770.0,24395.024934766865,9.728047587337747
Iruliga,15430.0,1570.177041809087,10.176131184764012
Jad,2370.0,237.22056195632766,10.009306411659395
Jaggali,12180.0,1163.566728949442,9.553093012721199
Jalkeot,28340.0,3103.8999919073212,10.95236412105618
Jamatia,93960.0,7639.067680667985,8.130127374061287
Jambuvulu,22110.0,2304.804822987553,10.424264237845106
Jangam (Hindu traditions),1820.0,192.33141875680707,10.567660371253137
Janna,2120.0,216.33514457346976,10.204487951578763
Janughanta,1950.0,195.81832477653887,10.04196537315584
Jaraj (Hindu traditions),10900.0,1090.5077138919637,10.004657925614346
Jarawa,500.0,65.02440156964795,13.00488031392959
Jat (Hindu traditions),19255470.0,1956924.333101783,10.162952828997595
Jat (Muslim traditions),535770.0,58360.070537957494,10.892746988065307
Jat (Sikh traditions),9090020.0,909115.7680595092,10.001251571058251
Jat Ahlawat (Hindu traditions),96430.0,9994.158308187627,10.364158776508999
Jat Atra,29000.0,2946.9202716380832,10.161794040131321
Jat Aulak (Hindu traditions),23660.0,2372.7227077718653,10.028413811377284
Jat Aulak (Sikh traditions),60300.0,6133.205346327587,10.171153144821869
Jat Bains (Hindu traditions),38060.0,4143.650628177559,10.887153515968363
Jat Bains (Sikh traditions),1000.0,238.9143681894449,23.891436818944488
Jat Bajwa (Hindu traditions),43890.0,4819.400042299907,10.980633498063128
Jat Baliyan,43000.0,4477.690717244898,10.413234226150927
Jat Barh (Hindu traditions),113630.0,11869.83975594568,10.446043963694166
Jat Bhainwal,63120.0,6415.924513623188,10.164645934130528
Jat Bhullar (Sikh traditions),88500.0,8881.454770226046,10.03554211324977
Jat Bhutta (Hindu traditions),3280.0,336.927572460628,10.27218208721427
Jat Chahil (Hindu traditions),175930.0,18668.838233089038,10.61151493951517
Jat Chahil (Muslim traditions),2920.0,305.89116348649014,10.475724776934594
Jat Chahil (Sikh traditions),123650.0,12754.281033619662,10.314824936206762
Jat Chima (Hindu traditions),76950.0,8404.942909202522,10.922602870958444
Jat Chima (Muslim traditions),950.0,96.26427665235897,10.133081752879892
Jat Dagar (Hindu traditions),150730.0,16083.938926859339,10.67069523443199
Jat Dalal (Hindu traditions),135610.0,14165.77810522982,10.445968663984823
Jat Dehia (Hindu traditions),312660.0,33299.18027411672,10.650284741929482
Jat Dehia (Muslim traditions),2100.0,227.6292274326239,10.839487020601139
Jat Dehia (Sikh traditions),9350.0,1130.9908450548887,12.096158770640521
Jat Deswal,84120.0,8605.793324412278,10.23037722825996
Jat Dhankar,54450.0,5678.4875277860265,10.428810886659369
Jat Dhariwal (Hindu traditions),190390.0,20277.854796644384,10.65069320691443
Jat Dhariwal (Muslim traditions),1230.0,125.78328934079896,10.226283686243818
Jat Dhillon (Hindu traditions),179980.0,18777.484548937406,10.433095093308927
Jat Dhillon (Muslim traditions),1460.0,150.15956617259866,10.284901792643744
Jat Dhillon (Sikh traditions),209790.0,21334.371611992243,10.169393971110273
Jat Dhindsa (Hindu traditions),34600.0,3543.7171579853216,10.24195710400382
Jat Dhindsa (Sikh traditions),64300.0,6846.639534437728,10.647961950914041
Jat Gahlot (Hindu traditions),88500.0,9064.17454084567,10.242005130899063
Jat Gahlot (Muslim traditions),1730.0,175.501528756615,10.144597037954624
Jat Ganthwara,68400.0,7131.870375750722,10.42671107565895
Jat Garewal,44160.0,4499.012364273777,10.187980897359097
Jat Ghatwal (Hindu traditions),218080.0,23166.73197434622,10.623042908265875
Jat Ghatwal (Muslim traditions),9830.0,1004.2561867806477,10.216237912315847
Jat Ghumman (Hindu traditions),41330.0,4209.676961408534,10.185523739193163
Jat Gil (Hindu traditions),267890.0,28432.17792258241,10.613377850081157
Jat Gil (Muslim traditions),2240.0,238.21751842925684,10.634710644163253
Jat Gil (Sikh traditions),277790.0,29667.899452802314,10.67997388415793
Jat Godara,32300.0,3263.769134723055,10.10454840471534
Jat Golla,60760.0,6486.102816201246,10.674955260370716
Jat Goraia (Hindu traditions),21750.0,2290.721743920469,10.532053995036641
Jat Gujar,77000.0,7731.287606638765,10.04063325537502
Jat Hela,257810.0,28542.690635374744,11.071211603651815
Jat Her (Hindu traditions),49990.0,5174.840791179275,10.351751932745099
Jat Hijra,30320.0,3249.545381536125,10.717497960211494
Jat Hoda,49500.0,5609.341520440454,11.332003071596876
Jat Jakhar (Hindu traditions),111780.0,11408.219765045773,10.205957921851647
Jat Kadian,39500.0,3994.2999937726395,10.112151882968707
Jat Kahlon (Hindu traditions),30230.0,3103.649729045088,10.266787062669824
Jat Kharral (Hindu traditions),61660.0,6493.609634450406,10.531316306277013
Jat Kharral (Muslim traditions),1540.0,162.33253274562534,10.541073554910737
Jat Khutel,38300.0,3992.2186044536156,10.423547270113879
Jat Langah,1660.0,432.0183152152646,26.025199711762927
Jat Lathar,36000.0,3664.9205947789123,10.180334985496978
Jat Mahur,7400.0,771.5208536900244,10.425957482297628
Jat Makiwal,21620.0,2382.385785624968,11.019360710568769
Jat Mangat (Sikh traditions),29500.0,2990.845347895577,10.138458806425685
Jat Mann (Hindu traditions),186780.0,19787.732175461784,10.594138652672548
Jat Mann (Muslim traditions),4680.0,527.3052600430673,11.267206411176652
Jat Mann (Sikh traditions),187800.0,19512.522140873796,10.390054388111713
Jat Nain,42380.0,4509.6275455032455,10.64093333058812
Jat Pachhade (Hindu traditions),345080.0,35778.22327849709,10.368095305000896
Jat Pannun,21640.0,2192.2773206756133,10.13067153731799
Jat Panwar,35200.0,3577.2743657243464,10.162711266262347
Jat Pawania,109980.0,11089.739925304686,10.08341509847671
Jat Phogat,43960.0,4457.153998366464,10.139112826129354
Jat Radhawa (Hindu traditions),31110.0,3128.9132030343635,10.057580209046492
Jat Randhawa (Hindu traditions),50980.0,5287.929198004013,10.372556292671662
Jat Randhawa (Sikh traditions),39810.0,4107.737790025231,10.318356669241977
Jat Rathi (Hindu traditions),134800.0,14730.491444595718,10.92766427640632
Jat Rathi (Muslim traditions),2510.0,258.64428855340753,10.304553328821017
Jat Rawat,38820.0,4054.33010926563,10.443920940921252
Jat Sahrawat (Hindu traditions),144720.0,16032.276091773632,11.078134391772824
Jat Sakarwar,28530.0,2954.7766405977914,10.35673550857971
Jat Sangeriyan,37080.0,3861.9706956901477,10.415239200890367
Jat Sangwan (Hindu traditions),122650.0,12297.100506508084,10.026172447214092
Jat Sarai (Hindu traditions),65180.0,6725.42838049153,10.31823930728986
Jat Sarai (Sikh traditions),225790.0,23586.656553107176,10.446280416806403
Jat Sarawat,33900.0,3504.471109975736,10.337672890783882
Jat Sarut,44600.0,4514.347154885043,10.121854607365567
Jat Sheoran,97600.0,9768.678594500117,10.008892002561595
Jat Sidhu (Hindu traditions),448210.0,46879.840131853314,10.459347210426657
Jat Sidhu (Muslim traditions),3160.0,337.50262635582544,10.680462859361564
Jat Sidhu (Sikh traditions),507310.0,51161.00551424875,10.084761884104147
Jat Sindhu (Hindu traditions),377430.0,39552.62584699276,10.479459991784639
Jat Sindhu (Muslim traditions),3830.0,411.28632105699177,10.738546241696913
Jat Sindhu (Sikh traditions),185240.0,19800.94684002213,10.68934724682689
Jat Sirohi,87070.0,8822.65351636189,10.132828203011245
Jat Tarar (Hindu traditions),25440.0,2743.705323116701,10.785005200930428
Jat Thakurela,141290.0,14581.416431820195,10.32020414170868
Jat Thenwan,43430.0,4421.063916550002,10.179746526709653
Jat Tomar,53200.0,5658.971509649427,10.637164491822231
Jat Turk,39300.0,3998.152477058132,10.173415972158097
Jat Varaich (Hindu traditions),61150.0,6621.578761204908,10.828419887497805
Jat Virk (Hindu traditions),63020.0,6886.92435126327,10.928156698291447
Jatapu,161290.0,16896.231382895236,10.475684408763863
Jaunsari,105050.0,10486.1125219623,9.982020487351072
Javeri,2400.0,242.70816100674386,10.112840041947662
Jenu Kuruba,53710.0,5637.2062678512975,10.495636320706195
Jewish South Asian,6610.0,665.1228924860955,10.062373562573306
Jhalo Malo,459800.0,46902.648161438745,10.200662932022347
Jhamral,9100.0,1047.6299730131007,11.51241728585825
Jhinwar (Hindu traditions),661190.0,66132.9840314705,10.002114979275323
Jhinwar (Muslim traditions),5730.0,706.2141827550831,12.32485484738365
Jhinwar (Sikh traditions),458130.0,46818.844946748,10.219554481642328
Jhojha (Hindu traditions),194140.0,19666.439017896908,10.130029369474043
Jhojha (Muslim traditions),10710.0,1098.963274934569,10.261095004057601
Jimdar,94160.0,9523.855899980583,10.114545348322626
Jingar,77190.0,10415.718110207508,13.493610714091862
Jogi (Hindu traditions),3756280.0,376542.0794277324,10.02433469889711
Jogi (Muslim traditions),113900.0,11619.215722267052,10.20124295194649
Jogi Kanphata (Hindu traditions),67420.0,6745.86960565169,10.005739551545076
Jogi Kanphata (Muslim traditions),2360.0,249.79502865376077,10.58453511244749
Jogula,1620.0,166.36458421622226,10.269418778779151
Juang,53320.0,5338.190736456489,10.01161053348929
Julaha,933140.0,94015.8268817349,10.075211316815794
Kabadi,81440.0,8340.504970491524,10.24128802859961
Kabirpanthi,91990.0,9660.254532310428,10.501418124046557
Kachari (Hindu traditions),93210.0,9323.546435792603,10.002731934119304
Kachari Dimasa,164230.0,10913.92282578425,6.645511067274097
Kachari Sonwal,312720.0,29847.694892364416,9.544543007279488
Kachera (Hindu traditions),69530.0,6993.037574650463,10.057583165037341
Kachera (Muslim traditions),2300.0,233.7210986306893,10.161786896986493
Kachhi (Hindu traditions),6018820.0,605357.1106305334,10.057737407507343
Kachhi (Muslim traditions),4490.0,589.0065611263727,13.118186216623002
Kachhi Kachhwaha,1346880.0,137654.28758760839,10.220233991714807
Kachhi Saksena,681770.0,68413.07182220336,10.034626314182695
Kachhia (Hindu traditions),125180.0,12565.136160921467,10.03765470596059
Kachhia (Muslim traditions),11150.0,1198.1537917855505,10.745773917359196
Kachin,36600.0,4889.803822953287,13.360119734845046
Kadaiyar,15740.0,1648.69881155013,10.474579488882656
Kadan,4490.0,457.4220605815015,10.187573732327428
Kadar,130560.0,13057.623691498673,10.001243636258176
Kadera,52160.0,5262.066275181608,10.088317245363513
Kadia (Hindu traditions),170610.0,17325.599109663344,10.155090035556734
Kadia (Muslim traditions),11390.0,1183.846957174486,10.393739746922618
Kadia Kumbhar,12830.0,1344.965893985201,10.482976570422457
Kadu Kuruba,26850.0,2724.6909565541046,10.147824791635399
Kagate,2060.0,208.48106218855645,10.120439912065846
Kaghzi,950.0,95.6090364415468,10.06410909911019
Kahalia,7500.0,823.4330911332545,10.979107881776727
Kahar (Hindu traditions),9375080.0,940557.0732590515,10.032523170565494
Kahar (Muslim traditions),93070.0,9517.24025514156,10.225894762159191
Kahar (Sikh traditions),86980.0,8857.53357080485,10.18341408462273
Kahar Kamkar (Hindu traditions),237540.0,24060.932087782745,10.129212801120966
Kahar Kamkar (Muslim traditions),2290.0,233.74512784287415,10.207210822832932
Kahha,60370.0,0.0,0.0
Kaibartta Jalia,515080.0,51899.82570478569,10.076070844293254
Kaibartta unspecified,1832420.0,186029.22837786353,10.152106415443159
Kaikadi,380600.0,38338.69037857095,10.073223956534669
Kaikolan,2792370.0,283273.4539182127,10.144552975365466
Kakkalan,15440.0,1580.2181715954923,10.234573650229873
Kalabaz,13080.0,1356.2608462346561,10.368966714332235
Kalagara,4400.0,459.5755955990521,10.444899899978457
Kalal (Hindu traditions),3856410.0,388852.1664997792,10.08326828578339
Kalal Idiga,2001360.0,204870.32175592735,10.236555230239805
Kalavant,11770.0,1182.1884817495156,10.044082257854848
Kalbelia,182580.0,19950.974762019585,10.927250937681885
Kalingi,308370.0,31001.12166649486,10.053222319452235
Kalladi,47030.0,4726.3223463420145,10.049590360072324
Kallan Tondaman,511490.0,53878.16428690753,10.533571386910307
Kallan unspecified,1271080.0,137699.25206800824,10.83324826667151
Kallasari,11000.0,1107.6095771489531,10.069177974081391
Kallattu Kurup,1020.0,102.68783434777166,10.067434739977612
Kalota,71670.0,13540.273099607606,18.8925256029128
Kalu,292230.0,29851.94487541502,10.215222556005552
Kalwar (Hindu traditions),3855390.0,386331.9991851748,10.020568585413534
Kalwar (Muslim traditions),51570.0,5426.777896383065,10.523129525660394
Kalwar Iraqi (Hindu traditions),75330.0,7739.3502431471825,10.273928372689742
Kalwar Iraqi (Muslim traditions),47880.0,5059.719275367015,10.567500575119078
Kalwar Jaiswal,1094600.0,109637.26504007248,10.016194503934997
Kalwar Sunri,666620.0,66726.13805298126,10.009621381443889
Kamad,13830.0,1390.4102397598645,10.05358090932657
Kamalia,18680.0,1886.352564357467,10.09824713253462
Kamar,31820.0,3237.0837598143457,10.173110495959603
Kamathi,242190.0,24676.28920113581,10.18881423722524
Kambo,55700.0,5664.237603416409,10.169187797875061
Kamboh (Hindu traditions),662340.0,66229.70398247761,9.999351387878978
Kamboh (Muslim traditions),35060.0,4707.775828985469,13.427769050158211
Kamboh (Sikh traditions),560640.0,56517.55187938144,10.0808989510883
Kami,115990.0,10346.916668988593,8.920524759883259
Kammara,150270.0,15203.424030283353,10.117404691743763
Kamsala,32720.0,3366.7690394460988,10.289636428624997
Kanai,69020.0,6990.402535067767,10.128082490680622
Kanakkan,286700.0,28943.711893004285,10.095469791769894
Kanaura,60000.0,7259.573732960122,12.099289554933536
Kanchan (Hindu traditions),22630.0,2317.4968429062556,10.24081680471169
Kanda,2900.0,324.70673883848485,11.196784097878789
Kandera,22260.0,2326.3644141348645,10.450873378862823
Kandha Gauda,29730.0,2844.8669511924554,9.569010935729752
Kandoi,3060.0,350.9740896111371,11.469741490560036
Kandra,749230.0,76426.54511758925,10.200678712490056
Kandu,2675840.0,267731.80587978143,10.005523718898791
Kanikkaran,28640.0,2796.0201268160226,9.762640107597845
Kaniyan,115870.0,11819.44927389807,10.200612129022241
Kanjar (Hindu traditions),238330.0,23847.98010727608,10.006285447604615
Kanjar (Muslim traditions),16910.0,1753.4945631050157,10.369571632791342
Kansali,4000.0,406.90314495440464,10.172578623860117
Kaora,330300.0,34105.85321322869,10.325720016115257
Kapali,352940.0,35763.572797381785,10.133046069411737
Kapariya,28720.0,2876.7506592978993,10.016541292819984
Kapewar,54820.0,5783.07961542939,10.549214913223988
Kapu Reddi,4059640.0,409971.1024241946,10.098705856287618
Kapu Reddi Ganjam,31200.0,3207.1692022825214,10.279388468854235
Kapu Tolakari,8200.0,823.0918920622648,10.037706000759329
Kapu unspecified,15837980.0,1592698.8994092646,10.056199713658335
Karadia,49280.0,5211.4159988287975,10.575113633987007
Karal (Hindu traditions),11850.0,1203.4530326585405,10.155721794586839
Karan,599440.0,62397.54314311064,10.40930587600271
Karen S'gaw,2300.0,0.0,0.0
Karenga,46860.0,4596.5335671355815,9.809077181253908
Karimpalan,23190.0,2333.641871749098,10.06313873113022
Karmali,145560.0,14730.208301778686,10.119681438429986
Karnam,93800.0,9608.330559814145,10.24342277165687
Karua,8110.0,829.9753978076691,10.233975312055106
Karwal,9080.0,908.8087519719052,10.008906960043008
Kasar (Hindu traditions),751280.0,77474.18792490971,10.312292078174544
Kasar Otari,27380.0,2891.191293986589,10.559500708497401
Kasbati (Hindu traditions),1660.0,175.1099677686494,10.548793239075264
Kasbati (Muslim traditions),11260.0,1210.3665885064368,10.749259222970132
Kashmiri (Muslim traditions),7554840.0,761911.2112521061,10.085074088294473
Kathodi,353750.0,34981.28895253229,9.888703590821848
Katia,246440.0,26744.374477769914,10.852286348713648
Kattunayakan,74700.0,7214.4684922375,9.657923015043506
Kavara,86820.0,8760.30542283156,10.090192839013545
Kavathi,23240.0,2352.583302784124,10.122991836420498
Kavathi Christian,4700.0,0.0,0.0
Kavuthiyan,33460.0,3961.9518411787685,11.840860254568945
Kawar,1127490.0,112574.06007908622,9.984484126607441
Kayastha (Hindu traditions),8054400.0,813254.0271662581,10.097015633271976
Kayastha Karan,611530.0,63270.686274677595,10.34629311312243
Kayastha Mathur,42840.0,4397.0463563215535,10.263880383570386
Kayastha Saksena,336020.0,34297.596246432724,10.207010370344838
Kayastha Sribastab,1076510.0,109197.67269838312,10.143674717223538
Kela (Hindu traditions),27590.0,2818.8325692173075,10.216863244716592
Kepmaris,1100.0,113.67591718248828,10.334174289317117
Keralamuthali,6740.0,712.0935223652486,10.565185791769267
Keralamuthali Christian,3550.0,0.0,0.0
Khadala,131760.0,13687.642520060625,10.388313995188694
Khadura,18900.0,1925.9908572137206,10.190427815945611
Khairwar,472080.0,46546.608850172706,9.859898502409063
Khalpa,133870.0,13477.199938006524,10.067378754019964
Khambu,384870.0,32241.43981807909,8.377228627349258
Khamiyang,1610.0,383.58789307845416,23.82533497381703
Khampa Tibetan,960.0,314.84315804254993,32.79616229609895
Khampti,19650.0,3590.7455651535133,18.27351432648098
Khandait,1990390.0,207997.89861775434,10.450107698378426
Khangar (Hindu traditions),386890.0,39081.80392110424,10.101528579468129
Khant,75740.0,7615.599694723432,10.05492433948169
Kharadi,8060.0,1863.8721401559926,23.124964518064424
Kharam,1290.0,0.0,0.0
Kharia,853280.0,51877.221906687846,6.07974192606036
Kharol,25000.0,2568.4967914268395,10.273987165707359
Kharot,1800.0,181.08014427781958,10.060008015434422
Kharva (Hindu traditions),465860.0,47526.75626906059,10.201939696273685
Kharwar,645870.0,63874.602748140875,9.889699590961165
Khas,73300.0,2418.5669248601153,3.2995456000820127
Khasi,1405400.0,5015.5490840165685,0.3568769805049501
Khatbune,1440.0,162.23786705976593,11.266518545817078
Khati (Hindu traditions),1850860.0,223917.9356410144,12.09804823925172
Khati (Muslim traditions),12200.0,1253.6013547691834,10.275420940731012
Khatik (Hindu traditions),2549850.0,259489.5031311361,10.176657573235136
Khatik (Muslim traditions),37840.0,3829.792756339848,10.121016797938287
Khatki,6030.0,670.3569619007701,11.117030877293036
Khatri (Hindu traditions),2652800.0,266341.4771692662,10.040013463859552
Khatri (Muslim traditions),57100.0,6400.190707424469,11.208740293212731
Khatri (Sikh traditions),339980.0,35065.028371872206,10.313850335864522
Khatti Khatti,2110.0,215.17821958443542,10.198019885518267
Khatwa,306870.0,30772.184990779642,10.027759308756035
Khavar,162740.0,16309.60622456365,10.021879208899872
Khetauri,128100.0,13156.658288974213,10.270615370003288
Khiamniungan,69650.0,0.0,0.0
Khodara,3370.0,342.6486910868411,10.167616946197064
Khoira,2600.0,264.62844347721574,10.178017056815989
Khoja,477230.0,49314.226075196275,10.33342959897665
Khoruda,3500.0,356.1917510388748,10.17690717253928
Khowa,1600.0,151.5858208955224,9.47411380597015
Khulant,1800.0,212.51217289098955,11.806231827277196
Khumra (Hindu traditions),22820.0,2315.1226531865623,10.145147472333752
Kir (Hindu traditions),82600.0,13024.092346212354,15.767666278707452
Kirar,1014960.0,132121.81663779297,13.01744075015695
Kisan,1750890.0,170131.85426068318,9.716878516679127
Kitaran,3400.0,410.1898624903231,12.06440772030362
Koch (Hindu traditions),57710.0,6581.042237860434,11.403642761844454
Kodaga,128210.0,14373.201249288386,11.21067096894812
Koiri (Hindu traditions),9242730.0,926427.8029651213,10.023313490333715
Koiri (Muslim traditions),2820.0,284.54798554225744,10.090354097243171
Kokna,1219510.0,112174.98489129612,9.198365318143855
Kol,1992730.0,198727.27856504612,9.972614381529164
Kolah Lohara,10760.0,1079.5428831656109,10.03292642347222
Kolha,800810.0,81704.2951478614,10.202706652996515
Kolhati,32820.0,3382.139864731994,10.305118417830572
Koli (Hindu traditions),2534290.0,253034.3685709187,9.984428323945512
Koli (Muslim traditions),12240.0,1257.2082134571694,10.271308933473607
Koli Dhor,464080.0,45622.59710946265,9.830761314743718
Koli Mahadev,1887660.0,190627.84419680704,10.098632391257272
Koli Malhar,351660.0,35281.958052404545,10.03297447887293
Koli of Gujarat,9279600.0,909666.3678671214,9.802861846061482
Koli of Sind (Hindu traditions),86490.0,8737.172090456399,10.101944838081165
Koli Patelia,525700.0,52408.305845883966,9.969242124003037
Koli Son,2110.0,213.86918202473845,10.135980190745899
Koli tribe,135000.0,15309.813422163901,11.340602534936222
Koliyan,9710.0,2157.2561221066417,22.21684986721567
Kollakar,1890.0,193.03353744893835,10.213414679838008
Kollara Odisha,6400.0,674.2583819808639,10.535287218450998
Kolowar,274910.0,29199.05974667152,10.621315974926892
Kolta,756370.0,80992.57886091286,10.70806336328951
Kolupulvandlu,2250.0,234.57865570551144,10.425718031356064
Kom,19900.0,0.0,0.0
Komarao,12600.0,1340.458763197349,10.638561612677373
Komarpaik,29870.0,3127.0670233904734,10.4689220736206
Konai,143350.0,15089.2524180176,10.526161435659295
Konda Dhora,276270.0,28183.05987930785,10.201274072214808
Konda Kapu,25720.0,2569.1421699954403,9.988888685829862
Konda Reddi,176420.0,17147.86121503428,9.719907728734997
Konwar,5000.0,507.69483703569455,10.153896740713892
Konyak,269640.0,2.6136957658128592,0.0009693279060276143
Kootan,10100.0,1029.247495152015,10.190569258930843
Koracha caste,87150.0,8795.994870016035,10.09293731499258
Koracha tribal,19090.0,1939.276789885554,10.158600261317726
Korama Kunchi,57290.0,5761.628544227333,10.056953297656367
Korama unspecified,218270.0,22168.484721233777,10.15645059844861
Koren,2120.0,0.0,0.0
Kori,2911940.0,289258.54067168536,9.933533681040316
Koria,2270.0,228.41460230906222,10.062317282337542
Korku,1137300.0,123607.26529175177,10.86848371509292
Korku Bawaria,17700.0,1783.6676877437858,10.077218574823648
Korku Muwasi,49000.0,4959.853603620167,10.122150211469728
Korti,1400.0,142.47670041554994,10.176907172539282
Korwa,504630.0,46873.90485031459,9.288766987756295
Koshti,1257650.0,126365.61095332906,10.047756605838593
Kotal,29590.0,2979.487689201523,10.069238557625965
Kotegar,7420.0,761.349717390085,10.260777862400067
Kotia,59980.0,6152.362161702137,10.257356054855181
Kotwal,111010.0,23991.49176021386,21.612009512849166
Koya Dora,42060.0,4240.29099749921,10.08152876248029
Koya Eti,40210.0,4183.017082952166,10.402927338851445
Koya Gonma,5700.0,573.2320535635622,10.056702694097583
Koya Racha,42800.0,4295.430881513834,10.03605346148092
Koya Rajulu,42180.0,4239.913797857927,10.051953053243071
Koya unspecified,930580.0,91795.83318558414,9.864367726104595
Kraal,6570.0,677.3253020399943,10.309365327853795
Krishnanvak,67610.0,6836.613674141097,10.11183800346265
Kuchbandia,36610.0,4012.5062457186646,10.960137245885454
Kuda Korava,2060.0,242.39946968981297,11.766964548049174
Kudavakkal,6660.0,670.5938951599369,10.068977404803857
Kudiya,3360.0,367.1090739783627,10.925865296975081
Kudumban,35220.0,3420.1491468518916,9.710815294866245
Kudumi,331130.0,33339.82153062373,10.068499239157953
Kui Dongria,185750.0,14220.410033729375,7.655671619773553
Kui Khond,1842750.0,139468.07557553268,7.568475136374044
Kui Kuvi,239000.0,15909.605924294083,6.656738880457776
Kui Padavakulam,18600.0,1284.815290469463,6.9076090885455
Kui Sitha,139400.0,8259.864354785615,5.925297241596568
Kuki Chin,160550.0,892.2036803797442,0.5557170229708778
Kuki Chin Changsen,2800.0,262.09197045508694,9.360427516253104
Kuki Chin Chongthir,3720.0,27.612510104400528,0.7422717770000141
Kuki Chin Khelma,3050.0,154.87252799618776,5.077787803153696
Kuki Chin Kholhang,11080.0,953.0617107457709,8.601639988680244
Kuki Chin Khongsai,1400.0,4.321707938977484,0.3086934242126774
Kuki Chin Lnykin,2220.0,23.290802165423045,1.0491352326767138
Kuki Chin Singjit,2220.0,23.290802165423045,1.0491352326767138
Kuki Chin Taraor,1220.0,0.0,0.0
Kuki Chin Zahao,2360.0,0.0,0.0
Kuli,17710.0,1782.7475114477106,10.066332645102827
Kumal,4420.0,465.6985327385214,10.53616589906157
Kumangar,990.0,100.00379313841864,10.101393246304914
Kumhar (Muslim traditions),79720.0,8385.06525019142,10.518145070485975
Kumhar (Sikh traditions),336630.0,34088.34097587826,10.126352664907543
Kumhar Bardiha,732450.0,74523.11020045262,10.17449794531403
Kumhar Kanaujia,577670.0,58871.648919629035,10.19122490688958
Kumhar Kasgar,9690.0,971.7981240280513,10.028876408958217
Kumhar Magahia,207940.0,22830.819842457786,10.979522863546112
Kumhar Mathuria,79890.0,8350.91373092878,10.453015059367605
Kumhar Prajapat,48490.0,5103.429495589563,10.52470508473822
Kumhar Sutaria,14500.0,1492.618216093646,10.293918731680316
Kumhar Timria,29900.0,3020.161202806848,10.10087358798277
Kumhar Kusavar (Hindu traditions),18022140.0,1831849.1548459067,10.16443749102996
Kumhiar (Hindu traditions),46080.0,4732.161495785994,10.2694476905078
Kumhiar (Muslim traditions),9390.0,1031.9439947807964,10.989818900753956
Kunbi (Hindu traditions),18349960.0,1841086.552671583,10.033191095084582
Kunbi Anjna,438130.0,44260.696029311846,10.102183376922797
Kunbi Dhaneja,52800.0,5433.858067370297,10.291397854867986
Kunbi Ghatole,246000.0,24789.468091324157,10.077019549318763
Kunbi Hindre,21600.0,2160.6252240827935,10.002894555938859
Kunbi Jadav,188400.0,18846.47900177371,10.003438960601757
Kunbi Kadwa,1325950.0,135619.70145959803,10.228115800716319
Kunbi Khaire,81500.0,8230.357006974344,10.098597554569746
Kunbi Khedule,18700.0,1881.1553974718236,10.059654531934886
Kunbi Konkani,753200.0,75749.4055041426,10.057010821049204
Kunbi Lewa,2264390.0,231497.4699494946,10.22339216961277
Kunbi Lonari,114500.0,11700.611420109157,10.21887460271542
Kunbi Tirole,378100.0,37913.245170343376,10.027306313235487
Kunbi tribe,5000.0,376.09547243202167,7.521909448640433
Kunchatiga,426170.0,42987.80722470821,10.087009227469839
Kunui,1400.0,145.008948938637,10.3577820670455
Kurariar,14540.0,1457.262554081239,10.022438473736168
Kuravan (Christian traditions),17330.0,279.20070904196234,1.6110831450776821
Kuravan (Hindu traditions),478670.0,52010.9998055948,10.865732092170974
Kurmi (Hindu traditions),21613580.0,2167962.3513643877,10.030556489782755
Kurmi Mahato,290180.0,31145.853185067168,10.733287333747041
Kurol,7100.0,748.7470580166861,10.545733211502622
Kurpalta,4900.0,494.15036769312803,10.084701381492408
Kuruba,4688810.0,474483.97328632954,10.119496701430204
Kurukkal,3500.0,360.0364612918089,10.286756036908825
Kuruman,63970.0,7308.777315981664,11.425320175053406
Kurunga,5630.0,581.4750039152053,10.328152822650182
Kusiari,1980.0,203.20271758322764,10.262763514304426
Kusta,3260.0,354.3053544929837,10.868262407760238
Kutana,592530.0,59380.03971486796,10.021440216506837
Labana (Hindu traditions),30030.0,8501.213222057231,28.309068338518916
Labana (Sikh traditions),376270.0,38033.025694909484,10.107908069978867
Ladia,10500.0,1051.6633117456863,10.015841064244633
Lahangar,1700.0,170.50914638694132,10.029949787467137
Lahaula,3200.0,416.01993949201636,13.000623109125511
Laheri (Hindu traditions),87150.0,8899.554179621982,10.211766126932854
Laheri (Muslim traditions),63250.0,6604.399503515218,10.441738345478607
Laju,1930.0,0.0,0.0
Lakhera,216790.0,21845.651340023192,10.076872245040452
Lakshadweep,69370.0,9821.290913386583,14.157836115592595
Lamkang,8810.0,26.0495127576873,0.29568118907704083
Lashkar,940.0,107.5595758080265,11.44250806468367
Leper,1600.0,174.51032141076564,10.906895088172853
Let,9000.0,932.3753573878874,10.35972619319875
Lhomi,1830.0,189.4645156616793,10.353252221949688
Lingader,5980.0,619.6343153563829,10.361777848768945
Lingayat,3870080.0,390050.9488179051,10.078627543045753
Lisu Yobin,3400.0,12.779552715654953,0.3758691975192633
Lodha (Hindu traditions),6700000.0,669650.5446247603,9.99478424813075
Lodha (Hindu traditions tribal),145830.0,13006.441305961329,8.91890647052138
Lodha (Muslim traditions),4620.0,478.2608927500506,10.35196737554222
Lodha Jariya,1697700.0,170124.5280708384,10.020882845664039
Lohana,658440.0,69576.65954787402,10.566894409190514
Lohar (Hindu traditions),10873140.0,1101206.6488639736,10.127770348436362
Lohar (Muslim traditions),704040.0,71985.84832827648,10.224681598812067
Lohar (Sikh traditions),76500.0,7847.608973558862,10.258312383737074
Lohar Kamti,4360.0,462.1939522844313,10.600778722119983
Lohara,295400.0,20415.343057789854,6.911084312048022
Loi,96810.0,10885.64875686351,11.244343308401518
Lora,3200.0,321.18983790478694,10.037182434524592
Lotha,200370.0,9.990259496990435,0.004985905822723179
Lunia (Hindu traditions),3634230.0,366906.1301792202,10.095842315407122
Machhi (Hindu traditions),889130.0,89245.58725154595,10.037405919443271
Machhi (Muslim traditions),32370.0,3308.602593317677,10.221200473641263
Machhi Mitna,20800.0,2142.6054625226166,10.300987800589503
Madari (Hindu traditions),292510.0,29460.79382956593,10.071721934144449
Madari (Muslim traditions),64640.0,7024.612309452243,10.867283894573395
Madasi Kuruva,10350.0,1042.9313214506888,10.076631125127427
Madgi,64810.0,6753.32881706389,10.420195675148728
Madiga (Christian traditions),690510.0,51.6938682619156,0.007486331589971991
Madiga (Hindu traditions),8897190.0,882535.5187828284,9.919261236219844
Madiga (Muslim traditions),3040.0,317.19891065217644,10.434174692505804
Madiga Baineedu,11600.0,1165.4902065524027,10.047329366831057
Madiga Dasu,9260.0,929.6340338030766,10.039244425519184
Magar,409960.0,38791.97485356268,9.46238044042411
Maghaiya,1490.0,149.22596070092973,10.015165147713406
Mahali,100780.0,10044.370212266369,9.966630494409971
Mahanta,104810.0,10623.146176429036,10.135622723431958
Mahar (Buddhist traditions),10734570.0,1085220.0827064847,10.109581312586203
Mahar (Christian traditions),470840.0,7.938514652067179,0.001686032336264374
Mahar (Muslim traditions),2690.0,269.85069988833715,10.03162453116495
Mahara,5600.0,569.9575043682124,10.177812578003794
Mahishya,11691650.0,1191514.2743301783,10.191155861920073
Mahli,457480.0,39435.24713884909,8.620102985671306
Mahratta Gomatang,83800.0,8430.203469302684,10.059908674585541
Mahratta Jadhav,3148190.0,315006.4929417414,10.005955578975266
Mahratta Konkani,634500.0,63819.254280590765,10.058196104112021
Mahratta Kshatriya,63820.0,6721.975942876411,10.532710659474164
Mahratta Kunbi,8574180.0,860960.6225000054,10.041317332969513
Mahratta Pawar,687000.0,69232.90556911018,10.077569951835544
Mahratta Shinde,624000.0,63875.17352161598,10.236406013079485
Mahratta unspecified,31074450.0,3113290.394463428,10.018810934589117
Mahtam (Hindu traditions),156430.0,15702.325910753414,10.037924893404982
Mahtam (Sikh traditions),605200.0,61446.04146732018,10.1530141221613
Mahuria,7690.0,780.5849137968283,10.150649074080993
Mahyavanshi,1876340.0,187228.3900883905,9.978382920387057
Maila,2870.0,393.2430438548424,13.70184821793876
Maimal,2400.0,245.92555724766993,10.246898218652914
Mairal,1480.0,149.96235112701206,10.13259129236568
Majhi,136030.0,16318.51947322821,11.9962651424158
Majhwar,209560.0,21777.294179007924,10.391913618537853
Majjula,21310.0,2172.0079968531077,10.192435461534997
Majothi,1070.0,114.77196489392341,10.72635185924518
Makhmi,13570.0,1591.9014373632945,11.731034910562228
Makrani (Hindu traditions),2690.0,273.5138238319682,10.167800142452348
Makrani (Muslim traditions),31420.0,3451.2202680062646,10.98415107576787
Makwana (Hindu traditions),73950.0,7540.336084339741,10.196532906477
Mal (Hindu traditions),1982920.0,203950.17557851915,10.285345630611378
Mal (Muslim traditions),18700.0,1902.50127103889,10.173803588443263
Mala (Christian traditions),496780.0,103.3877365238312,0.020811573840297755
Mala (Hindu traditions),6486610.0,651078.7426898193,10.037272823398036
Mala Dasari,34950.0,3537.407330024756,10.121337138840504
Mala Dasu,13750.0,1387.5243023883795,10.091085835551851
Mala Jangam,13220.0,1344.8456838833895,10.172811527105821
Mala Pulayan,80500.0,8065.0461888968675,10.018690917884307
Mala Sale,147530.0,14881.188330052828,10.086889669933456
Mala Urali,7100.0,720.2812255404008,10.144805993526772
Mala Vettuvan,20200.0,2089.328778055101,10.343211772550005
Malabar Catholic,3020770.0,349.1180451807101,0.01155725345460628
Malai Arayan,38300.0,2038.405014549969,5.322206304308014
Malai Pandaram,4370.0,440.1078979387719,10.071118945967319
Malai Vedan,18610.0,1870.1193578050425,10.049002459994854
Malaikudi,10410.0,1049.0089959402017,10.076935599809813
Malakkuravan,22760.0,2284.1057954752787,10.035614215620733
Malakuravan,1160.0,116.25350823560558,10.021854158241862
Malaneese,1300.0,146.83458519229683,11.294968091715141
Malasar,10810.0,1118.2464715033077,10.344555703083328
Malava,22900.0,2362.865512737669,10.318190011954888
Malayali,421660.0,42274.989374723744,10.02584769120233
Malayan caste,39280.0,4419.51313926907,11.251306362701298
Malayan tribe,51750.0,5270.988334807522,10.185484704942072
Malayarayar,3320.0,280.4884793820889,8.448448174159303
Malayekandi,1780.0,233.24287886630586,13.10353252057898
Mali,7360.0,755.3874937836556,10.263417035104016
Mali (Hindu traditions),10105860.0,1013780.6467919437,10.03161182513852
Mali (Muslim traditions),16680.0,1708.534072457691,10.243010026724766
Mali (Sikh traditions),5080.0,514.550653000383,10.128949862212263
Mali Bhagirathi,95200.0,9963.766521035172,10.466141303608373
Mali Thanapati,23000.0,2355.4120851487155,10.240922109342241
Malla Jetty,15840.0,1591.41573648011,10.046816518182512
Mallah (Hindu traditions),3300180.0,332644.1762377299,10.079576757562615
Mallah (Muslim traditions),71940.0,7326.90362888483,10.184742325388978
Mallah Chain (Hindu traditions),373440.0,37733.43311180598,10.10428264562071
Mallah Chain (Muslim traditions),4500.0,476.92457177885126,10.598323817307806
Mallah Dhawa (Hindu traditions),24770.0,2587.3002665279078,10.44529780592615
Mallah Dhawa (Muslim traditions),20770.0,2112.5053429455893,10.17094531991136
Mallah Dhuriya,10300.0,1051.3305352563914,10.20709257530477
Mallah Kewat (Hindu traditions),338160.0,33911.595248296246,10.028269235952285
Mallah Kewat (Muslim traditions),4460.0,466.8641655670402,10.467806402848435
Mallik (Muslim traditions),634430.0,64088.92788483313,10.101812317329435
Malto,214230.0,12924.653504700123,6.033073567987735
Mana,277800.0,27801.859862157595,10.007868920863066
Manbhav,29930.0,3012.7987778522206,10.066150276819982
Mandala (Hindu traditions),2320.0,243.84078498334694,10.510378663075299
Mandala (Muslim traditions),3000.0,301.8593562629051,10.061978542096837
Mandia,2850.0,306.4685531580165,10.753282566947947
Mang Garudi,86860.0,10291.850905622945,11.8487806880301
Mangala,2201820.0,224270.2372082042,10.185675359847952
Mangali,2400.0,270.5445580510219,11.27268991879258
Mangrik,26720.0,3714.5306914022826,13.901686719319919
Manihar,644090.0,65022.07915923213,10.095185324912999
Maniyattikkaran,5600.0,587.7828218690141,10.496121819089538
Mankirdia,2620.0,215.0829800406421,8.209274047352752
Manna Dhora,23520.0,2451.877251417281,10.424648177794563
Mannan caste,316480.0,32663.047480718054,10.320730371814351
Mannan tribal,11250.0,1109.0002603507598,9.857780092006754
Manne,48640.0,5149.950093740963,10.587890817724018
Mansoori,100150.0,10492.949456799135,10.47723360638955
Mappila,9848490.0,1038325.5608398461,10.542992487577752
Mara,48570.0,2.7898820278456795,0.0057440437056736245
Mara Hlawthai,2100.0,0.0,0.0
Mara Tlosaih,1300.0,0.0,0.0
Marakkan (Christian traditions),5730.0,0.0,0.0
Marakkan (Hindu traditions),10030.0,1010.7205632253506,10.07697470812912
Maramei,31420.0,1.5354693417954755,0.004886917064912398
Marata,97800.0,9987.544270108901,10.212212955121576
Maravan,3621290.0,349275.78931015154,9.645065413434205
Marija (Hindu traditions),10550.0,1073.754161730974,10.177764566170369
Maring,30010.0,0.0,0.0
Markande,86450.0,8828.565156555014,10.212336791850797
Marma (Magh),52740.0,5382.451336149383,10.205633932782296
Maru Kumhar,4080.0,432.3679143661336,10.59725280309151
Masan Jogi,36500.0,3710.1737266811315,10.164859525153785
Masthi,2010.0,202.10521847564357,10.054985993813114
Matang (Christian traditions),209580.0,4.492256767939473,0.0021434568031011895
Matang (Hindu traditions),2924020.0,292269.1369114464,9.995456149802203
Matangi,3900.0,401.9486286390645,10.306375093309345
Matia,239240.0,24182.771835192878,10.108164117703092
Mavilan,40530.0,5292.720490737216,13.05877249133288
Mawalud,247200.0,24846.29912203288,10.051091877845018
Mawasi,123730.0,12460.53732579626,10.07074866709469
Mazhabi (Hindu traditions),64280.0,7621.454019744807,11.856649066186693
Mazhabi (Sikh traditions),3237200.0,324320.7246637106,10.018556921528193
Mech,60780.0,4618.5806294063905,7.5988493409121265
Meda,49900.0,5048.301083068927,10.11683583781348
Meena,5211690.0,519492.0477196963,9.96782325348776
Megh (Hindu traditions),4458660.0,487803.44386970846,10.940584029051518
Megh (Sikh traditions),17920.0,1973.8115426518818,11.014573340691305
Meitei (Manipur Muslim),223430.0,23567.2927353606,10.547953603079533
Meitei Bishnupriya,1470.0,183.9687789884677,12.514882924385558
Meitei Kshatriya,137220.0,13579.148644726814,9.895896111883701
Meitei Panan,13770.0,1573.8133574218766,11.429290903572088
Meitei Thanga,135150.0,12951.772484978905,9.583257480561528
Meitei unspecified,1442500.0,136632.17506746922,9.471901217848819
Memon,682120.0,70576.72276148283,10.346672544637721
Meo (Hindu traditions),304410.0,30467.46791402444,10.008694824093965
Mer,90280.0,9156.56528766116,10.142407274768676
Merat (Hindu traditions),54370.0,5560.902466631251,10.227887560476827
Merat (Muslim traditions),339520.0,34985.23049751507,10.304320952378378
Mewati (Muslim traditions),932790.0,93511.85010210915,10.02496275711673
Miana,80710.0,9057.851571803887,11.222712887874968
Miji,9120.0,583.2405696563777,6.395181684828703
Miju Mishmi,7040.0,1842.545946289099,26.172527646151973
Millang,4720.0,674.2261722341404,14.28445280157077
Miniyong,8870.0,49.389354218251995,0.5568134635654114
Mir,56000.0,5784.917749815677,10.330210267527995
Mirasi (Hindu traditions),239840.0,24377.31115948897,10.163988975770918
Mirasi (Muslim traditions),44980.0,4811.555883695201,10.697100675178305
Mirasi (Sikh traditions),2410.0,255.20600730304224,10.589460883943662
Mirdhas (Hindu traditions),152410.0,15204.846020777,9.976278473050982
Mirgan,2500.0,252.1940885705639,10.087763542822556
Miri,784160.0,69395.48753219948,8.84965919355737
Mirzakhani,13430.0,1381.3571359520886,10.28560786263655
Mishmi,27040.0,5680.674952380263,21.008413285429967
Mishri,6940.0,730.2323793270461,10.522080393761472
Mitha Ayyalvar,3780.0,388.59299402310427,10.28023793711916
Mizo,161520.0,96.34225387969488,0.05964725970758722
Mizo Bawm,1340.0,0.0,0.0
Mizo Fanai,16270.0,0.0,0.0
Mizo Lushai,635970.0,132.15829305220953,0.02078058604214185
Mochi (Hindu traditions),2197940.0,221123.91628007585,10.060507396929664
Mochi (Muslim traditions),75590.0,7998.923389064451,10.581986227099419
Moger Moyon,15000.0,1526.033522793765,10.1735568186251
Moger unspecified,123160.0,13390.514874835402,10.872454429064145
Moghia,59150.0,6015.8653005599,10.17052459942502
Molesalam,102850.0,11414.754435958976,11.09844864944966
Molvi,41750.0,4340.736043906357,10.396972560254747
Momba,5090.0,2280.5300775296696,44.80412725991492
Momna,183090.0,18332.32681186987,10.012740625850602
Mon,1270.0,172.27927710828925,13.565297410101515
Monpa,45800.0,7768.534629533075,16.961866003347325
Monpa Dirang,8040.0,933.8684562934025,11.615279307131871
Monpa Kalaktang,1600.0,301.08390204737054,18.81774387796066
Monpa Lish,2500.0,291.51119402985074,11.66044776119403
Monpa Tawang,8100.0,1546.1323076508268,19.088053180874404
Mowar,4960.0,526.2935802730772,10.61075766679591
Mudugar,2000.0,191.48624739856427,9.574312369928213
Mukeri,37100.0,3963.0426412532806,10.682055636801294
Mukha Dhora,50350.0,5238.299805736227,10.403773199078902
Mukkari,2200.0,231.55184637962583,10.525083926346628
Mukkuvan (Christian traditions),45260.0,5.16938682619156,0.011421535188227043
Mukkuvan (Hindu traditions),178390.0,18353.16856869851,10.288227237344309
Mukkuvan (Muslim traditions),2980.0,301.25918935680124,10.109368770362458
Mukri,15670.0,1620.059657624588,10.33860662172679
Muli,21430.0,2185.7927146157003,10.19968602247177
Munda,4099670.0,281506.38640266756,6.86656209896571
Mundala,31900.0,3277.96528338573,10.275753239453698
Mundari,29910.0,2946.310527869156,9.850586853457559
Munnur,950070.0,95587.27795030554,10.061077389066652
Murao (Hindu traditions),2738800.0,274631.5084871902,10.027439334277426
Murao (Muslim traditions),72480.0,7307.025560312789,10.081437031336629
Murasing,15800.0,1993.0749638824263,12.614398505584976
Musahar (Hindu traditions),3533020.0,352571.3159236295,9.979318427963314
Musari,4400.0,443.04383085958125,10.069177974081391
Mussali,11360.0,1206.9590509983477,10.62463953343616
Musti Chenchu,2030.0,213.7574523320572,10.529923760199862
Mutali,46240.0,4659.480022085013,10.076730151567935
Muthan,7810.0,805.3770398446828,10.312125990328845
Muthuvan,27650.0,2762.8746884671154,9.992313520676728
Mutrasi,1141950.0,114458.4361181643,10.023068971335373
Mutwa,1300.0,153.098134221639,11.776779555510691
Nadar (Christian traditions),1458170.0,2584.6934130957798,0.17725597242405067
Nadar (Hindu traditions),3406090.0,343096.09521652973,10.073019069270915
Nadia,61780.0,6509.829439813215,10.537114664637771
Naga,18720.0,411.90115871188976,2.200326702520779
Naga Tangkhul,223910.0,21.164239598566304,0.009452118975734137
Nagar,171670.0,17176.88752049359,10.005759608838813
Nagarchi (Hindu traditions),168840.0,15937.358871395672,9.439326505209472
Nagartha,61100.0,6130.02380126385,10.032772178827905
Nagarulu,7100.0,724.3942929465329,10.202736520373703
Nagasapu,2120.0,214.93856542992478,10.138611576883244
Nagavasulu,6120.0,626.810569162595,10.242002764094691
Nai (Hindu traditions),13650220.0,1379048.8603006918,10.10275922513111
Nai (Sikh traditions),370520.0,37787.151180037086,10.19841066070309
Nai Mathuria,183490.0,19302.909102412897,10.519869803484058
Nai Mhalo Nhavi,1400.0,140.9315128034458,10.066536628817557
Nai Nabasakh,21300.0,2140.5393994462584,10.049480748573982
Naikda,4286480.0,429884.1432407401,10.02883818986068
Naikda Kapadia,42200.0,4325.399961260619,10.249762941375876
Nair,7588920.0,824519.0473702351,10.864774531425224
Nair Anthur,144840.0,17894.46228289058,12.354641178466293
Naita,63950.0,7587.033494037746,11.864008591145812
Naksia,6970.0,711.2258899124541,10.204101720408238
Nalakeyava,7070.0,782.2154817475381,11.06386820010662
Nalavamsam,2590.0,275.29568613282265,10.629177070765355
Nalband,6020.0,631.8923174602854,10.496550123925006
Naliya (Hindu traditions),14400.0,1584.5105945191822,11.0035457952721
Naliya (Muslim traditions),3600.0,360.67430888644304,10.018730802401196
Nalkadaya,3160.0,417.31217600816575,13.206081519245751
Namassej (Hindu traditions),4692780.0,460629.37981119624,9.815703693997934
Namassej (Muslim traditions),2740.0,274.4678243400142,10.017073881022416
Namassej Chandel,1628580.0,165121.28741079944,10.13897305694528
Namdagur,1300.0,144.9465486458216,11.149734511217044
Nanakshahi,2360.0,244.8976690487397,10.377019874946598
Nanbai,15990.0,1642.0121738127511,10.268994207709513
Nandiwale,1670.0,168.5836771691272,10.09483096821121
Naribut,3180.0,366.1642989534496,11.514600596020427
Naroda,44500.0,4584.575183502057,10.302416142701253
Nat (Hindu traditions),573110.0,59164.91172355279,10.323482703765908
Nat (Muslim traditions),156190.0,16410.901240009003,10.507011486016392
Nat (Sikh traditions),1800.0,189.13819470100748,10.507677483389305
Navait,64670.0,6711.429540617192,10.377964342998597
Navithan,915640.0,92170.0786074512,10.066191801084619
Nayadi,95290.0,9831.277797167057,10.317218802777896
Newah,190890.0,17819.21954005381,9.334810382971245
Neyyala,18300.0,1880.0871196765106,10.273700107521917
Nicobarese,30900.0,318.57291863465747,1.0309803192060112
Nihal,30520.0,3036.6832324169177,9.949813998744816
Nikari (Muslim traditions),70220.0,7299.709544342471,10.39548496773351
Nishang,3210.0,4.776089599923704,0.1487878380038537
Nissi,43340.0,606.7369131911371,1.3999467309440172
Nocte,43110.0,93.13860952345667,0.2160487346867471
Node,4000.0,471.07118222042766,11.776779555510691
Noliya,4360.0,408.4375933303169,9.367834709410937
Nyaria,4040.0,609.8756663283034,15.095932334858993
Nyishi,281300.0,74.21599049018059,0.026383217380085526
Odiya,76090.0,7809.437530533099,10.263421646120513
Omanatya,35440.0,4236.460701377699,11.953895884248585
Oraon,5078910.0,321858.7417613041,6.337161748511081
Oriya,38300.0,3894.552321059962,10.168543919216612
Padam,3480.0,157.56705501033707,4.527788937078651
Padannan,9520.0,964.8344891087202,10.134816062066388
Padharia,35770.0,4036.0780089546306,11.28341629565175
Padiar,1390.0,144.56041354384368,10.40002975135566
Pagadai,9440.0,951.8927655419336,10.083609804469635
Paharia,18350.0,1903.6535831674125,10.374133968214782
Paidi,12290.0,1260.5457343909059,10.256678066646915
Paik,245840.0,26888.283398182575,10.937310201017969
Paik Rana,12800.0,1413.317729831974,11.041544764312297
Pailibo,1420.0,0.0,0.0
Paite (Christian traditions),89640.0,0.0,0.0
Paite Simte,8870.0,0.0,0.0
Pajavgir,4200.0,426.44281194553474,10.153400284417494
Pale,10770.0,1195.9512764168314,11.104468676107999
Paliya,137180.0,18186.236963063096,13.257207291925276
Paliyan,11340.0,1145.1516423092214,10.098338997435814
Pallan (Christian traditions),518050.0,17.231289420638532,0.0033261826890528968
Pallan (Hindu traditions),2757640.0,272117.6876302969,9.86777417031581
Palleyan,2060.0,155.11923072241854,7.530059743806724
Palliyan,6880.0,665.2345529001988,9.669106873549401
Palliyar,6530.0,593.6751238877567,9.091502662905922
Palluvan,7470.0,831.3006353573841,11.128522561678501
Pambada,4200.0,458.11092552068743,10.907402988587796
Pamidi,3150.0,333.7268948364936,10.594504597983924
Pan,1531400.0,152710.2307870573,9.971936188262852
Panan,264200.0,26864.692569022118,10.168316642324799
Panar,2020.0,220.70424072289848,10.925952511034579
Panchama,3100.0,310.1497712538188,10.004831330768349
Pandaram,32000.0,3309.918236436118,10.343494488862868
Panditattan,11970.0,1266.710197477232,10.582374247930092
Pando,2410.0,334.3675204395738,13.874170972596422
Pangul,24030.0,2424.5311848303195,10.089601268540656
Pangwala,19540.0,1975.4776862499884,10.10991651100301
Panika,1198200.0,119633.79874567325,9.98445991868413
Panikkan,39740.0,3981.398168471431,10.01861642796032
Paniyan,112850.0,12048.589643266481,10.67664124347938
Panka,44850.0,4516.186443652474,10.069534991421346
Pannadi,8200.0,870.1556956783969,10.611654825346303
Panniandi,12080.0,1259.8255966495144,10.429019839813861
Pantanti,43040.0,4465.375314330196,10.374942644819228
Pao,67630.0,6905.984183572314,10.211421238462686
Pap,12520.0,1161.1048733190505,9.274000585615418
Paraiyan (Christian traditions),880030.0,86.15644710319266,0.00979017159678564
Paraiyan (Hindu traditions),2472990.0,243489.76477664642,9.845966412183083
Paravan (Christian traditions),41890.0,3.4462578841277063,0.008226922616681084
Paravan (Hindu traditions),97380.0,9674.616984832137,9.934911670601906
Pardhan,357410.0,35742.97403603771,10.000552316957474
Pardhi,412280.0,42278.86385375072,10.254890815404755
Parenga,13360.0,1583.1511957262123,11.849934099747099
Parhaiya,34820.0,3809.339168707458,10.9400895138066
Parja Bonda,44400.0,5331.868907488054,12.008713755603726
Parja Jodia,16600.0,1914.1811919755994,11.531211999853008
Parja Parenga,66900.0,7828.533345456644,11.701843565705
Parja Pengo,60400.0,7083.3327331146365,11.727372074693108
Parja unspecified,497960.0,56126.15994031935,11.271218559787803
Parsee,87910.0,8979.508332444717,10.214433320947238
Pashtun Afridi,552850.0,58479.98793226364,10.577912260516168
Pashtun Ahmadzai (Wazir),2960.0,309.7518923304203,10.464590957108793
Pashtun Babai (Babi),11330.0,1305.6528346914502,11.523855557735658
Pashtun Bakarzai,26490.0,2664.2106516890226,10.057420353676944
Pashtun Bangash,68070.0,6902.881839582053,10.140857704689369
Pashtun Barech,17330.0,1745.125440570215,10.069967920197433
Pashtun Beteli,36450.0,3685.034304456268,10.109833482733245
Pashtun Daudzai,9130.0,951.9669732954926,10.426801459972538
Pashtun Dilazak,67780.0,6855.732059859205,10.114682885599299
Pashtun Durrani,21860.0,2308.543557129008,10.560583518430962
Pashtun Gandapur,2500.0,271.0782847198823,10.84313138879529
Pashtun Ghauri,407020.0,41112.79322114005,10.100927035806606
Pashtun Ghilzai,44980.0,4651.364115037226,10.340960682608328
Pashtun Guria,36850.0,3724.816698904206,10.108050743294998
Pashtun Jilan,36550.0,3692.9390544687517,10.103800422623124
Pashtun Kakar,551770.0,57506.37418121402,10.422163977964374
Pashtun Khalil,17010.0,1746.3180818609478,10.266420234338318
Pashtun Khan,120930.0,12331.673402875404,10.19736492423336
Pashtun Khattak,34080.0,3412.580042529008,10.013439091927841
Pashtun Lodhi (Dalazak),672850.0,69189.63042702514,10.28306909816826
Pashtun Malagori (Mullagari),33490.0,3469.868686419552,10.360909783277252
Pashtun Mohammadzai,57820.0,5902.4797689034995,10.208370406266862
Pashtun Mohmand,204880.0,21574.368582768777,10.530246282101121
Pashtun Musa Khel,3600.0,492.17333001571933,13.671481389325537
Pashtun Niazi,28540.0,3034.1285528705153,10.631144193659829
Pashtun Rohilla,73420.0,7599.450918784019,10.35065502422231
Pashtun Sur,36040.0,3640.2687134245057,10.100634609945908
Pashtun Tarin,35020.0,3601.9746853084002,10.285478827265564
Pashtun Urmur,2060.0,211.71518166153675,10.277436002987221
Pashtun Wakakzai,31660.0,3197.7526158881146,10.10029253281148
Pashtun Yusafzai,980320.0,102219.016974842,10.42710716652134
Pashtun Pathan,11464690.0,1194742.3938944584,10.421061484387788
Pasi,1170.0,248.592541469248,21.247225766602394
Pasi (Hindu traditions),7787820.0,785453.4131420685,10.08566470645275
Pasi (Muslim traditions),18670.0,1868.7808478167572,10.009538552848191
Pasi Gujar,723770.0,75476.90557757937,10.428299815905518
Pasi Kaithwan,986590.0,98691.18999345964,10.003262752861842
Pasi Rajpasi,1510240.0,155311.02581788797,10.283863877124693
Pasi Turuk,1440.0,144.3622451666459,10.025155914350409
Patari,22590.0,2330.151584606024,10.314969387366196
Patelia,134200.0,13703.250756876345,10.211066137761806
Patharwat,41480.0,4186.880736517927,10.09373369459481
Pathiyan,20720.0,2494.683756168353,12.039979518187032
Patial,44980.0,4634.69306977505,10.303897442808028
Patlia,36070.0,3692.429546122737,10.236843765241854
Patni (Hindu traditions),255500.0,28817.95847586276,11.279044413253526
Patni Jamat,1500.0,152.70548189573014,10.180365459715343
Patnulkaran,1300.0,160.90848195386212,12.37757553491247
Patralu,136590.0,14631.194718115248,10.711761269577018
Patramela,5200.0,528.1023946843961,10.155815282392233
Patro,4800.0,493.21489319687015,10.275310274934794
Patvekari (Hindu traditions),31950.0,3214.5451779656014,10.061174265933024
Patvekari (Muslim traditions),1080.0,109.78677265031149,10.165441912065878
Patwa (Hindu traditions),293780.0,29647.40525645476,10.09170306231015
Patwa (Muslim traditions),5930.0,630.6403588280239,10.63474466826347
Pawaria (Hindu traditions),19820.0,2791.4157947074095,14.083833474810339
Pawaria (Muslim traditions),52190.0,5322.935275135251,10.199147873414928
Pawi,59820.0,140.4691670178396,0.23481973757579336
Pentia,11600.0,1536.4639478840515,13.24537886106941
Perka,208480.0,20877.212396840172,10.014012085974757
Perna (Hindu traditions),4220.0,510.82079866694676,12.104758262249923
Persian,7720.0,878.7766731046262,11.383117527261998
Perumal Makkukkaran,1600.0,160.6704403102713,10.041902519391956
Perumannan,99840.0,10187.354847733963,10.203680736913023
Peshakar,1700.0,170.8545136027035,10.050265506041383
Pherera (Hindu traditions),2090.0,234.8128402695212,11.235064127728286
Phudgi,11650.0,1178.7081552114191,10.117666568338361
Pichakuntla,48900.0,4899.812160754536,10.020065768414185
Pindara,77120.0,10663.406690390982,13.827031496876273
Pinjara,3734040.0,408682.25361755455,10.944774389603609
Pnar,313270.0,3.242892660252946,0.0010351749801299026
Pochury,25430.0,0.0,0.0
Poi,55110.0,0.0,0.0
Pomla,1640.0,167.15831316929697,10.192580071298597
Pondicherry Catholic,49030.0,0.0,0.0
Poumai,145350.0,10.927014668329473,0.007517725950003077
Poundra,3367580.0,361318.3845240817,10.729318517275958
Prabhu,26550.0,2813.412714957345,10.596658060102996
Prabhu Kayastha,308920.0,31352.302211334474,10.149003693944863
Prabhu Patane,70150.0,7144.507999579168,10.18461582263602
Pulaya Vettuvan,1140.0,113.11108343441612,9.92202486266808
Pulayan Thanda,142280.0,14709.925231591647,10.338716075057384
Pulayan unspecified,1056680.0,111234.13121248255,10.526756559458166
Pundari,312810.0,31395.87497189561,10.03672356123385
Puran Bhaja,1280.0,128.35571349203568,10.027790116565287
Puran unspecified,2260.0,234.2186251954312,10.363655982098726
Purig-Pa,44250.0,5859.33861620682,13.24144320046739
Puroik,4900.0,0.0,0.0
Puthirai Vannan,33750.0,3409.40290158034,10.101934523201008
Putliwale,1000.0,113.65161045910517,11.365161045910517
Qalaigar,1450.0,155.44478244986524,10.720329824128637
Qassab,1215230.0,125912.6728094064,10.361221563770348
Qazi,820270.0,84557.71625173074,10.308522346511605
Quam-e-Punjab,8680.0,966.3074142464088,11.132573896848028
Rabari (Hindu traditions),1198230.0,127220.51933451607,10.617370566128043
Rabari (Muslim traditions),1200.0,122.66256663068101,10.221880552556751
Rabha,415430.0,28168.463837990363,6.780556011359402
Rachband,6940.0,700.8152939116302,10.098203082300147
Raddi,86020.0,8751.355077186596,10.173628315724944
Rahmani (Muslim traditions),264960.0,26583.035060171263,10.032848377178164
Rai,142230.0,11655.147510117937,8.194577452097263
Raigar,1009690.0,101164.67314635661,10.019379527018849
Rajbansi,3790.0,382.4244810313437,10.090355700035454
Rajbansi (Hindu traditions),4918270.0,472744.3373091186,9.612004572931511
Rajbhar,84690.0,8629.91208530738,10.190001281505939
Rajdhob,4400.0,480.20767482105975,10.913810791387721
Raji,2040.0,209.09696233221945,10.24985109471664
Rajpur,56790.0,5857.709737015749,10.314685221017344
Rajput (Hindu traditions),46119910.0,4761781.985222944,10.324785944341487
Rajput (Muslim traditions),2978970.0,313933.555828142,10.538325522853267
Rajput (Sikh traditions),1193800.0,129317.39310888553,10.83241691312494
Rajput Agnivansi,229520.0,24780.24827068843,10.796552923792449
Rajput Amethiya,29030.0,2922.4392970008944,10.066962786775385
Rajput Awan,12530.0,1309.044332978924,10.447281188977845
Rajput Bachgoti,175040.0,17933.009742515293,10.245092403173729
Rajput Bachhal (Hindu traditions),103990.0,10708.156410145682,10.297294364982866
Rajput Bachhal (Muslim traditions),5100.0,512.5491772606041,10.049983867854982
Rajput Baghel (Hindu traditions),173980.0,18142.171170525056,10.427733745559866
Rajput Bagri,32600.0,4383.837445598831,13.447354127603777
Rajput Bais (Hindu traditions),1506680.0,155168.07296939852,10.298674766333829
Rajput Bais (Muslim traditions),110990.0,11317.289663342923,10.196675072838024
Rajput Bandhalgoti,53780.0,5452.06491536777,10.137718325339847
Rajput Bargujar (Hindu traditions),232750.0,24083.630351085554,10.347424425815491
Rajput Bargujar (Muslim traditions),36910.0,3880.4361069526544,10.513237894751164
Rajput Baria (Muslim traditions),3480.0,483.9849752442889,13.907614231157725
Rajput Barwar,71260.0,7173.704449997743,10.066944218352152
Rajput Batsa,38800.0,3893.126198609617,10.033830408787672
Rajput Bhadauria,293730.0,30038.60703970475,10.226605058967335
Rajput Bhale Sultan (Hindu traditions),67720.0,7284.958988492804,10.757470449634972
Rajput Bhale Sultan (Muslim traditions),54890.0,6115.146338622008,11.140729347097848
Rajput Bhatti (Hindu traditions),1006940.0,105911.85403128357,10.518189170286568
Rajput Bhatti (Muslim traditions),13350.0,1471.9998737581084,11.026216282832273
Rajput Bisen (Hindu traditions),336260.0,33896.149974026244,10.080339610428313
Rajput Bisen (Muslim traditions),43260.0,4343.241227180522,10.0398548940835
Rajput Bundela,109110.0,10918.727571158304,10.007082367480804
Rajput Chandel,385070.0,40205.47694187384,10.441082645200572
Rajput Chandrabansi,119990.0,12777.227341336882,10.648576832516778
Rajput Chauhan (Hindu traditions),3425280.0,354313.95003661315,10.344087199779672
Rajput Chauhan (Muslim traditions),347040.0,35700.452065553676,10.287128880115743
Rajput Chavar Gaur,28880.0,2904.344104439324,10.056593159415941
Rajput Dangi,60600.0,7178.112442354225,11.84507003688816
Rajput Dehia,1990.0,202.79596596862189,10.19075205872472
Rajput Dhakaru,55460.0,5660.590530075214,10.206618337676188
Rajput Dikhit,300850.0,30543.138011703373,10.15228120714754
Rajput Gahlot (Hindu traditions),650210.0,79764.2558393559,12.26746064184739
Rajput Gahlot (Muslim traditions),9410.0,1007.1604557098018,10.703086670667394
Rajput Gakkhar,4080.0,470.92475834706886,11.542273488898747
Rajput Garewal (Hindu traditions),364030.0,37390.584115165795,10.271291958125921
Rajput Garewal (Muslim traditions),4270.0,449.2626661578119,10.521373914702856
Rajput Gargbansi,39710.0,4067.3839508706387,10.2427195942348
Rajput Garhwali,628000.0,64165.349326741045,10.217412313175325
Rajput Garhwali Jimdar,122440.0,13065.534335621825,10.670968911811357
Rajput Gaur,755850.0,76807.43407777762,10.161729718565539
Rajput Gautam (Hindu traditions),431410.0,44034.225921001,10.207048033425512
Rajput Gautam (Muslim traditions),27050.0,2761.7051388799473,10.209630827652301
Rajput Halbani,53000.0,5453.129701283593,10.288923964686024
Rajput Halbatia,44140.0,4584.496436488425,10.386262882846456
Rajput Jadeja,43960.0,4447.999051553776,10.11828719643716
Rajput Jadon,673280.0,74105.30066569187,11.006609533283608
Rajput Jadu,328890.0,33055.90685117235,10.050748533300604
Rajput Janghara,71820.0,7237.9024643424245,10.077836903846316
Rajput Janjua (Hindu traditions),97550.0,10287.940055916051,10.546325018878576
Rajput Janjua (Muslim traditions),4060.0,439.6556694156098,10.828957374768713
Rajput Janwar,87690.0,9099.114877422136,10.376456696797966
Rajput Jaswal,33540.0,3467.048129530996,10.337054649764449
Rajput Jatu (Hindu traditions),37520.0,4044.0786952533235,10.778461341293506
Rajput Jatu (Muslim traditions),5360.0,539.7030284147712,10.069086351021852
Rajput Jhala,29340.0,2989.7824877628955,10.190124361836727
Rajput Joia (Hindu traditions),75440.0,8030.326351334111,10.644653169849033
Rajput Joia (Muslim traditions),2160.0,218.2187201900451,10.102718527316904
Rajput Kachhwaha,801630.0,85066.21343397425,10.611655431305495
Rajput Kalhans,78640.0,7880.3420004741265,10.020780773746345
Rajput Kanet,751060.0,75795.72184809431,10.091833122266438
Rajput Kanhpuriya,60260.0,6034.816593372055,10.014630921626377
Rajput Katheriya,183580.0,19094.053897479153,10.400944491490986
Rajput Kausik,68090.0,6923.061583064729,10.167515909920295
Rajput Khaimkani,38290.0,4266.051377942188,11.141424335184611
Rajput Khakkha,950.0,100.03325618888296,10.529816440935049
Rajput Khanzada,3600.0,367.78445886843247,10.216234968567568
Rajput Khasiya,150670.0,15094.20247902353,10.01805434328236
Rajput Khokhar,2500.0,252.30171909743387,10.092068763897355
Rajput Kinwar,33250.0,3329.8504559998746,10.014587837593607
Rajput Kumaoni,568920.0,57307.66700183716,10.073062469562883
Rajput Kumaoni Thakur,96580.0,9668.627718660106,10.011004057424007
Rajput Lok,37820.0,3785.766946283928,10.009960196414406
Rajput Mahratta (Hindu traditions),88770.0,9041.590282904346,10.185412056893485
Rajput Mandahar (Hindu traditions),38550.0,3971.6923903627653,10.302703995752958
Rajput Mandahar (Muslim traditions),7180.0,731.502595328179,10.188058430754584
Rajput Mandial,3470.0,436.4436863211381,12.577627847871414
Rajput Manihas (Hindu traditions),288430.0,29758.530258234452,10.317418527280259
Rajput Manihas (Muslim traditions),3480.0,393.7194007068702,11.313775882381327
Rajput Manj,2100.0,297.1238300440366,14.14875381162079
Rajput Nagbansi,50920.0,5431.0550422909155,10.665858292008867
Rajput Naru,1220.0,129.63698135932364,10.625982078633085
Rajput Nau,308830.0,31082.587939649067,10.064627121603817
Rajput Nikumbh,73040.0,7312.507210666687,10.011647331142779
Rajput Paik,107880.0,18650.719181349803,17.2883937535686
Rajput Palwar,58060.0,5976.799498077021,10.294177571610438
Rajput Parihar,450380.0,46142.812274538206,10.24530669091394
Rajput Parmar,72250.0,9139.919257226316,12.650407276437809
Rajput Pathania,27300.0,2893.6240470388443,10.599355483658771
Rajput Ponwar (Hindu traditions),1442000.0,149864.3452883016,10.392811739826742
Rajput Ponwar (Muslim traditions),76870.0,8111.050963022375,10.551646888282002
Rajput Pundir (Hindu traditions),206690.0,21778.84960176337,10.536963375955958
Rajput Pundir (Muslim traditions),160100.0,16241.700363030868,10.144722275472121
Rajput Raikwar,89790.0,9006.70354659584,10.030853710430828
Rajput Rajbansi (Hindu traditions),519350.0,60820.76467434388,11.710939573379008
Rajput Rajbansi (Muslim traditions),3630.0,396.57139603014326,10.924831846560421
Rajput Rajkumar,113900.0,11930.126436304043,10.474211094208993
Rajput Ranghar,26030.0,2641.5898250155665,10.148251344662183
Rajput Rathi,186800.0,18682.092764326815,10.001120323515424
Rajput Rathor (Hindu traditions),1607120.0,172212.65327161681,10.715606381080244
Rajput Rathor (Muslim traditions),11390.0,1254.058135998797,11.010168007013144
Rajput Rawa,105300.0,10844.252671940481,10.298435585888397
Rajput Rawat,104230.0,10449.91044265704,10.025818327407695
Rajput Saithwar,536000.0,54137.578637964085,10.100294522008225
Rajput Sakarwar (Hindu traditions),228710.0,23179.489998182875,10.13488260162777
Rajput Sakarwar (Muslim traditions),22770.0,2290.32066628654,10.058500949875011
Rajput Salehria (Hindu traditions),123190.0,12819.249779140673,10.406079859680716
Rajput Salehria (Muslim traditions),3340.0,340.40494696230803,10.19176487911102
Rajput Sandilya,38300.0,3852.1499206672697,10.057832691037257
Rajput Sendhu,29790.0,3115.279674281878,10.457467855931112
Rajput Sengar,453180.0,46599.83251744221,10.282852843780002
Rajput Sikarwar,52860.0,5323.16975064729,10.070317348935472
Rajput Singraur,35000.0,3507.4764629868932,10.021361322819695
Rajput Sirnet,59670.0,6075.857497567429,10.182432541591133
Rajput Sisodia,131280.0,13135.376008632536,10.005618531865125
Rajput Solanki,346450.0,39505.45985677877,11.402932560767432
Rajput Sombansi (Hindu traditions),387390.0,39027.6244149299,10.074504869751388
Rajput Sombansi (Muslim traditions),25400.0,2598.3873108757352,10.229871302660374
Rajput Surajbansi,293400.0,30134.619973931553,10.270831620290236
Rajput Taon (Muslim traditions),6740.0,706.6028531204804,10.48372185638695
Rajput Thakur,79250.0,8297.010537473567,10.46941392741144
Rajput Tonwar (Hindu traditions),513760.0,55512.82323918443,10.805205395356671
Rajput Tonwar (Muslim traditions),41020.0,4330.598062465269,10.557284403864625
Rajput Vaghela,53600.0,5400.492557017772,10.075545815331663
Raju,692730.0,69383.48947460885,10.015949861361403
Rajwar,689740.0,74989.19403595701,10.872095867422074
Rajwar Nagbansi,32400.0,3301.933988321048,10.191154284941508
Rajwar Rajbhar,33500.0,3371.455295605679,10.064045658524416
Ralte,20280.0,16.90316929837723,0.08334896103736306
Ramdasia (Hindu traditions),273990.0,28036.26677931833,10.232587605138264
Ramdasia (Muslim traditions),3820.0,390.92372364964217,10.233605331142465
Ramdasia (Sikh traditions),531020.0,54173.30371441254,10.201744513278697
Ramgarhia,6500.0,698.3250280838998,10.743461970521535
Ramoshi,362220.0,36227.78928562444,10.001598278842815
Rana,1330.0,134.038178685682,10.078058547795639
Ranabhat,14210.0,1421.276074014295,10.00194281501967
Raneyar,4060.0,421.4485350623399,10.380505789712805
Rangaswami,2940.0,322.8248090228193,10.980435681048275
Rangrez (Hindu traditions),403790.0,41357.23373040126,10.242262990762837
Rangrez (Muslim traditions),349840.0,36288.0822576162,10.372765337759034
Rasua,1200.0,120.2830124539408,10.023584371161732
Ratal,4020.0,431.8422806192414,10.742345289035857
Rathawa,735630.0,73536.21502311747,9.996358906395535
Rathia (Hindu traditions),777690.0,78159.52644457271,10.050216210131635
Rathia (Muslim traditions),42320.0,4471.1709685200785,10.565148791399052
Rautia,139140.0,14283.32101763994,10.265431233031437
Ravalia,598930.0,57533.57263555847,9.606059578842013
Ravidas Chamar (Hindu traditions),1586410.0,158708.480633774,10.004253669213758
Ravidas Chamar (Sikh traditions),25330.0,2615.0411501177614,10.323889262209875
Ravulo,27690.0,2875.3995637826206,10.384252668048468
Rawal (Hindu traditions),196340.0,19863.379060627234,10.116827473070813
Rawat,880360.0,90199.02095802776,10.245697323598046
Raya Rawat,2860.0,287.4676077399869,10.051314955943596
Rayeen (Hindu traditions),1720.0,179.3873824276039,10.429498978349065
Rayeen (Muslim traditions),1101990.0,115018.72297681583,10.437365400486014
Razu,538060.0,54288.718320111475,10.089714589471708
Reddi Dhora,1000.0,93.29588113784212,9.329588113784212
Rehar,103550.0,10502.35851130424,10.142306626078454
Relli,165490.0,16794.555331993168,10.148380767413842
Rengma,78880.0,26.480146103364522,0.033570164938342445
Rigzong,8000.0,1048.2344989154215,13.10293123644277
Rona,4550.0,469.5289134039345,10.319316778108451
Rongkup,88120.0,9524.45822295915,10.808509104583694
Rongmei,112830.0,228.37528711300573,0.20240652939201076
Rosa,40300.0,4245.822238349623,10.535539052976732
Sabar,4400.0,553.6974631060596,12.584033252410446
Sachara (Valmiki),9520.0,960.371594252691,10.087936914419023
Sada,9700.0,975.8760027366723,10.060577347800745
Sagar,16540.0,1671.2287917975136,10.104164400226805
Sagarbanshi,199050.0,21280.690291576233,10.691128003806195
Sahariya,975930.0,98109.19816662652,10.05289294996839
Sahi,2260.0,229.07420709522466,10.136026862620561
Sahisia,10000.0,1022.8198387733571,10.22819838773357
Saini (Hindu traditions),803540.0,81113.7523434791,10.094550656280845
Saini (Muslim traditions),23190.0,2324.7329016174494,10.024721438626345
Saini (Sikh traditions),665980.0,67804.01002779613,10.181088024835
Sakachep,22650.0,200.30761045971943,0.884360311080439
Sakunapakshollu,2660.0,279.42755250889905,10.504795207101468
Salat (Hindu traditions),20370.0,2137.3340632821723,10.492557993530546
Salat Sompura,1890.0,204.64080308903522,10.827555718996571
Sali,1193270.0,120593.95069842855,10.10617468791041
Sali Pattariyan,3900.0,393.26328545273697,10.083673985967614
Saloi,5060.0,507.22719448319936,10.024252855399196
Salvi,104820.0,12109.236769526808,11.552410579590545
Samagara,101120.0,10288.422317108627,10.174468272457107
Samanthan,57420.0,5763.563526675254,10.037554034613818
Samasi,1700.0,176.43218757666313,10.37836397509783
Samban,24280.0,2642.065620079416,10.88165411894323
Sandhai,1650.0,194.58589897413077,11.793084786310956
Sanei,1260.0,181.69352788628134,14.42012126081598
Sangar,39000.0,3924.401963673875,10.062569137625319
Sangtam,85790.0,0.0,0.0
Sangtarash (Hindu traditions),6890.0,689.1964303203151,10.002850948045213
Sanhai (Hindu traditions),3820.0,423.2320436312908,11.07937286992908
Sanhal,2120.0,240.7028883106591,11.353909825974485
Sankara,91530.0,9327.110412959835,10.190222236381334
Sansi,9320.0,1011.0482999789839,10.848157725096394
Sansi (Hindu traditions),250380.0,26080.168683317544,10.416234796436434
Sansi (Sikh traditions),80000.0,8445.663430932756,10.557079288665944
Sansi Kapadia,6890.0,689.1820115922784,10.002641677681833
Sansoi,2390.0,241.45908068662635,10.102890405298174
Santal (Sawntal),8507790.0,747740.1351546256,8.788888009161317
Santia (Hindu traditions),13940.0,1526.9992822492318,10.954083803796498
Saonta,5190.0,522.7520251038603,10.07229335460232
Saora Jadu,20410.0,1132.4494045406702,5.548502717004753
Saora Jati,38760.0,3025.045169648969,7.804554101261529
Saora Kapusavar,29790.0,2152.021501868683,7.223972815940527
Saora Khotto,20450.0,1136.486950726954,5.557393402087795
Saora Lanjia,27600.0,1980.3533433258863,7.175193272919877
Saora Malia,76090.0,4706.790982810179,6.185820716007595
Saora unspecified,1009380.0,79499.82058137572,7.876104200734681
Sapela,2740.0,291.1132836860333,10.624572397300486
Sapru,1370.0,138.79216996453712,10.130815325878622
Sardar (Hindu traditions),4850.0,486.7995732711337,10.03710460352853
Sardar (Muslim traditions),14640.0,1502.6170075293523,10.263777373834374
Sarera (Hindu traditions),34620.0,3710.6956882891573,10.71835842948919
Sarera (Sikh traditions),99140.0,11164.942395428292,11.261793822300072
Sargara,162480.0,20732.82913862565,12.76023457571741
Sarki,32580.0,3072.232870056648,9.429812369725745
Sartang,3800.0,436.1007462686567,11.476335428122544
Saryara (Hindu traditions),18360.0,1890.933166169553,10.299200251468154
Saryara (Muslim traditions),2160.0,231.79340415191388,10.73117611814416
Satani,490910.0,49370.416005772,10.056917969846205
Sathwara,77650.0,7807.7319303881895,10.05503146218698
Satnami,2004770.0,191998.9728002641,9.5771072392476
Sauntia,92920.0,10110.55165044615,10.880920846369081
Saur,171890.0,18159.3788530394,10.564534791459305
Sauria Paharia,57720.0,3458.026851750578,5.991037511695388
Sayankulam,1360.0,147.06845896204214,10.813857276620746
Sayyid,9010260.0,940513.6558210151,10.43825212392334
Sayyid Husaini,491400.0,50343.37859497043,10.244887788964272
Segidi,108110.0,10963.970279243083,10.14149503213679
Sema,274450.0,8.150719238095009,0.002969837579921665
Semman,5620.0,568.0612003150407,10.107850539413535
Sentinelese,200.0,21.734405564007822,10.867202782003911
Seok,1900.0,192.53267638661632,10.133298757190333
Shabar,599570.0,56469.617653539615,9.418352761735846
Shabi,1900.0,191.31438150754644,10.069177974081391
Shah,6750.0,681.5369807359154,10.0968441590506
Shaikh Faruqi,920230.0,92821.53605817039,10.08677570370129
Shaikh Nashya,145260.0,14539.333311834394,10.009178928703287
Shaikh Qureshi,9276620.0,937895.4091268303,10.110313984261836
Shaikh Siddiqi,8541510.0,859801.5973854588,10.066154548615629
Shaikh unspecified,85959200.0,8622903.425445227,10.031390968558604
Shaikh Usmani,545730.0,54784.649817083235,10.038782881110299
Shakhsaz,3080.0,313.00667172118096,10.16255427666172
Shan,1590.0,147.85725479061523,9.299198414504103
Sheenkhalai (Pashtun Hindki),2770.0,374.0227837444275,13.502627572000991
Shemalia,3100.0,319.6075500939413,10.3099209707723
Shenva (Hindu traditions),133410.0,13327.10389117359,9.989583907633303
Sherdukpen,3990.0,435.1261556528877,10.905417434909467
Sherpa,49570.0,4045.124259081364,8.160428200688651
Shershabdia (Muslim traditions),39100.0,3935.457437859815,10.06510853672587
Shinligar,7130.0,713.5695162904661,10.007987605756888
Shorgar (Hindu traditions),1940.0,194.8298162278203,10.042774032361871
Shorgar (Muslim traditions),4980.0,1242.7868483718878,24.955559204254776
Siddi (Hindu traditions),10770.0,767.4582480876122,7.125889025883121
Siddi (Muslim traditions),15070.0,1533.2358291374524,10.174093093148324
Sikligar (Hindu traditions),84190.0,9495.048562874466,11.278119209970859
Sikligar (Muslim traditions),52470.0,5512.717739314674,10.506418409214167
Sikligar (Sikh traditions),39410.0,3976.412758276428,10.089857290729327
Silawat (Hindu traditions),78790.0,11088.425493397574,14.073391919529858
Silawat (Muslim traditions),2410.0,286.31778551003833,11.880406037760928
Sillekyatha,40660.0,4121.4825592900115,10.136454892498799
Silpi,237940.0,24139.196270738823,10.145077023929908
Silpkar (Hindu traditions),1044140.0,104369.03478343548,9.99569356441047
Simong,3130.0,276.98584250826775,8.849387939561272
Sindhi (Muslim traditions),160620.0,17124.401065193826,10.661437595065264
Sindhi Sama,1370.0,138.52616536114041,10.111398931470102
Sindhi Samon,102340.0,11074.14883290363,10.820938863497782
Sindhi Sumra,35750.0,3918.887430030944,10.961922881205439
Sindhollu,7550.0,751.4487698477811,9.95296383904346
Singalu,8400.0,875.7052681208752,10.425062715724705
Singiwala,19230.0,1932.510591422843,10.04945705368093
Singpho,9210.0,1101.9375979920183,11.96457761120541
Sinhalese,4810.0,553.5378780876456,11.508063993506145
Sipi,37480.0,3819.569137150076,10.190952873932966
Sirkiband (Hindu traditions),27140.0,2855.261675673736,10.52049254117073
Sirkiband (Sikh traditions),59390.0,5999.9316706518275,10.102595842148219
Sirte,3070.0,0.0,0.0
Sirvi,350370.0,40665.705965428795,11.60650340081308
Sishtakarnam,980.0,100.53143459962992,10.25830965302346
Siyal,36080.0,3665.139892576285,10.158369990510769
Siyalgir (Hindu traditions),8200.0,822.5822332364219,10.031490649224658
Soboro,1400.0,142.47670041554994,10.176907172539282
Sofi,1620.0,164.94538089032872,10.181813635205476
Soiri,95300.0,9643.90358507257,10.119521075627041
Soligar,6980.0,795.089201084189,11.390962766249126
Soligaru,38660.0,3916.991716519133,10.131897869940852
Somvanshi,561450.0,57036.65035037148,10.158812067035617
Sonar (Hindu traditions),7926040.0,800785.8395247505,10.103227330731999
Sonar (Muslim traditions),35030.0,3586.7944042138015,10.239207548426496
Sonar (Sikh traditions),212520.0,21757.583103134126,10.237899069797725
Sonar Ajudhyabansi,117890.0,11809.968508769753,10.017786503324924
Sonar Aksali,76110.0,7970.944863725845,10.472927162956044
Sonar Barhaiya,39670.0,3968.8801453647934,10.004739463989901
Sonar Bawaria,36800.0,3789.769232869831,10.29828595888541
Sonar Bhojpuria,35700.0,3686.9380895042386,10.32755767368134
Sonar Chhatri,134260.0,13749.987378900098,10.24131340600335
Sonar Choralia,36700.0,3782.4124004963455,10.306300818791133
Sonar Damania,6300.0,828.3076613539481,13.147740656411875
Sonar Deswali,42380.0,4388.359698983636,10.3547892850015
Sonar Jathera,40200.0,4044.127075041589,10.060017599605944
Sonar Kamila,15510.0,1594.9286394810472,10.283227849652143
Sonar Kammakala,39900.0,4006.88694813191,10.042323178275463
Sonar Khatri,49590.0,5003.22694723599,10.089185213220388
Sonar Magahiya,40700.0,4243.158368615308,10.42545053713835
Sonar Mair,88010.0,9108.821065683682,10.349756920445042
Sonar Rastaogi,77050.0,7864.792496630641,10.207388055328542
Sonar Tejania,36800.0,3795.1068526104555,10.312790360354498
Sondhia,632440.0,63888.14076349873,10.101850098586226
Sonjhara,21090.0,2292.1006001889577,10.868186819293303
Sonr,54300.0,5796.685370313413,10.675295341277003
Soria,1400.0,141.64591826205185,10.117565590146562
Sounti,127670.0,13162.831901637379,10.31004300277072
Sudh (Hindu traditions),60870.0,6143.091232422034,10.09214922362746
Sudh (Sikh traditions),5890.0,593.0712501400881,10.069121394568558
Sudha,69410.0,7671.044860676162,11.051786285371218
Sudha Butka,5320.0,608.4237560276157,11.436536767436385
Sudhan,23450.0,3019.868473132245,12.87790393659806
Sudra,6630.0,677.6439835867133,10.22087456390216
Sudri,1300.0,0.0,0.0
Sukiyar,4560.0,460.9676329087813,10.108939318175029
Sukli,76370.0,7676.048168678287,10.051130245748706
Sunri (Hindu traditions),818850.0,84349.99340559692,10.301031129705919
Sunri (Muslim traditions),15500.0,1608.6349255770417,10.378289842432526
Sunri Sadhubanik,310090.0,30637.678657676544,9.880253686889787
Sunuwar,95630.0,8585.258556846702,8.97757874814044
Sutar Lohar,9950.0,1035.220777617056,10.404228920774433
Sutradhar (Hindu traditions),506390.0,50789.61919867321,10.029743715056224
Sutradhar (Muslim traditions),39570.0,4068.005048633545,10.280528300817652
Swangla,10850.0,2488.4869239604013,22.935363354473743
Syrian Christian,4194470.0,516.938682619156,0.012324290854843543
Taga (Hindu traditions),627770.0,62785.30395966477,10.00132277102518
Taga (Muslim traditions),228230.0,22857.06253707999,10.014924653673921
Tagin,69530.0,415.3688658056751,0.5973951759034591
Tai,20450.0,2367.4698884302825,11.57686987007473
Tai Man,6130.0,560.1538398072182,9.13790929538692
Tai Taroi,2400.0,250.32121843668216,10.43005076819509
Tak,2270.0,336.3535363667173,14.817336403820146
Tamadia,1220.0,132.8217418947242,10.887028024157722
Tamang,275970.0,24619.508267228597,8.921081373782874
Tamboli (Hindu traditions),2143490.0,218534.78290627128,10.195278863268374
Tamboli (Muslim traditions),169240.0,17415.528079550888,10.290432568867223
Tamil (Muslim traditions),3611960.0,362566.70099406573,10.037948952758772
Tamudia,10410.0,1064.2685207848433,10.22352085288034
Tangchanghya,2200.0,124.39044142500128,5.654110973863695
Tangsa,17620.0,791.0617798955873,4.489567422789939
Tangsa Haisa,1100.0,10.223642172523961,0.9294220156839965
Tangsa Longchang,3500.0,345.04792332268374,9.858512094933822
Tangsa Moglum,2950.0,302.2834800532501,10.246897628923733
Tangsa Mossang,4400.0,38.33865814696486,0.8713331397037468
Tangsa Roerah,1700.0,12.779552715654953,0.7517383950385266
Tangsa Taisen,1200.0,102.23642172523962,8.519701810436635
Tangsa Tikhak,2540.0,263.2548683378787,10.364364895192073
Tangsa Yougli,1100.0,25.559105431309906,2.3235550392099915
Tangshang Cyamcyang,1440.0,7.663814024779667,0.5322093072763657
Tanla,78800.0,7941.4074446430295,10.077928229242424
Tanti (Hindu traditions),5631030.0,574525.5271935728,10.20284969523467
Tanti (Muslim traditions),4390.0,461.2161990378263,10.506063759403789
Tanu,49530.0,199.74831238003742,0.4032875275187511
Tarakhehas,14220.0,1455.8225063116088,10.23785166182566
Targala,40450.0,4062.90612788273,10.044267312441853
Taria,4900.0,493.7211973470979,10.075942803001999
Tarkhan (Hindu traditions),989800.0,99494.7576988927,10.05200623347067
Tarkhan (Muslim traditions),18130.0,1924.14956810778,10.613069873732929
Tarkhan (Sikh traditions),1181710.0,120465.91106653334,10.194202559556349
Tawaif (Hindu traditions),21090.0,2180.774716980884,10.340325827315713
Tawaif (Muslim traditions),127980.0,13029.714794767404,10.181055473329742
Teli (Hindu traditions),21533500.0,2156796.0107838893,10.016003022192812
Teli (Muslim traditions),1922280.0,195272.41461964368,10.15837519090058
Teli (Sikh traditions),1600.0,175.57114413585646,10.973196508491029
Teli Gangauta (Hindu traditions),644110.0,65183.21808791265,10.119889163017598
Teli Ganiga (Hindu traditions),41000.0,4202.351783496244,10.249638496332302
Teli Ganiga (Muslim traditions),1300.0,130.38412982474898,10.029548448057614
Teli Sahu,91740.0,9403.708517448771,10.250390797306268
Teli Sribastab,340960.0,34154.43139855339,10.017137317736212
Teressa,3600.0,971.1356892365794,26.97599136768276
Thadou,245460.0,25.58534218160787,0.01042342629414482
Thakali,2210.0,206.7655488094649,9.355907185948638
Thakar,99200.0,10212.932017102803,10.29529437207944
Thakkar,658320.0,66707.7503732729,10.133028067394715
Thakor Pardeshi,3170.0,323.22212784758847,10.196281635570614
Thakuri,37660.0,3713.245125140459,9.859918016836057
Thakuria,11700.0,1172.522058680357,10.021556057097069
Thami,3370.0,343.168994721336,10.183056223185044
Thandan (Christian traditions),13250.0,6.892515768255413,0.05201898693022953
Thandan (Hindu traditions),261290.0,27834.921544090223,10.652884359941146
Thandan Palakkad,6900.0,699.4427130272499,10.136850913438405
Thangkhal,4400.0,0.0,0.0
Thantapulayan,5820.0,594.1370301300929,10.208540036599533
Tharu,522640.0,45209.733656323864,8.650262830308408
Tharu Rana,15660.0,1621.4908186494101,10.354347500954088
Tharua,10740.0,1069.2983414086298,9.956222918143666
Thathera (Hindu traditions),407570.0,41103.833413233326,10.085097876004937
Thathera (Muslim traditions),4700.0,480.47145287738005,10.222796869731491
Tholuva Naicker,1030.0,50.19896747456447,4.873686162579075
Thori (Hindu traditions),1066180.0,131820.88844305873,12.363849297778868
Thoti caste,12770.0,1283.7130366685712,10.052568807114888
Thoti tribal,5580.0,562.830805973855,10.086573583760842
Thoubalkonou,1430.0,170.11394934384623,11.89608037369554
Thovoi,18700.0,0.0,0.0
Tibetan,111680.0,11628.726851190382,10.412541951280787
Tikhir,8650.0,0.0,0.0
Tili,1282100.0,131250.7392811381,10.237168651520015
Tipera,773770.0,87654.8492334866,11.328282207049458
Tirgar (Hindu traditions),16630.0,1669.9161296705854,10.041588272222402
Tirmali,15880.0,1592.2224987279865,10.026590042367673
Tiruvalluvar,1810.0,186.91372068900654,10.326724899945113
Tiwa,272940.0,24736.821186742152,9.063098551601872
Tiyar,555380.0,56656.94603213513,10.201473951553014
Toda,2350.0,201.67497826126478,8.581913968564459
Tohala,2820.0,294.23498600766106,10.43386475204472
Toto,2000.0,210.8431970856785,10.542159854283925
Tulabhina,12350.0,1237.0882883047452,10.016909217042471
Turaiha,409730.0,41572.34482018151,10.146277992868843
Turi (Hindu traditions),389730.0,38631.04952968408,9.9122596489067
Turi Barot,17540.0,1782.5619915823283,10.162839176638132
Tutcha Nocte,1150.0,25.559105431309906,2.2225309070704267
Uchoi Tipura (Brung),2940.0,59.12335902612167,2.010998606330669
Udupula,2700.0,278.0298436975779,10.297401618428811
Ujia,23350.0,2411.606793769884,10.328080487237191
Ulema (Muslim traditions),5040.0,523.2423328570939,10.381792318593131
Ulladan,18530.0,1816.6416979891092,9.803786821311975
Urali,80170.0,8128.680285874204,10.139304335629543
Urikkara Naicker,1430.0,169.90069164124353,11.881167247639407
Usta,1740.0,195.70074274556947,11.24716912330859
Vaddar (Hindu traditions),4109970.0,411761.9371262564,10.0186117447635
Vaddar (Muslim traditions),4460.0,448.86641587035217,10.064269414133458
Vaddar (Sikh traditions),1990.0,222.62384915535455,11.187128098259022
Vadugan,25070.0,2628.1290892028937,10.483163499014335
Vaghri (Muslim traditions),24810.0,2652.243985908885,10.690221628008404
Vaiphei,51790.0,6.280264629000422,0.012126403994980542
Vakkaliga Gangadikara,605800.0,60619.365832234376,10.006498156525979
Vakkaliga Kappiliyan,6530.0,655.9321171775886,10.044902253868125
Vakkaliga Kunchitiga,270700.0,27177.86111669286,10.039845259214207
Vakkaliga unspecified,6384110.0,640191.2987401133,10.027886404528012
Valan,103290.0,10686.681476950078,10.346288582583094
Valanchian,6130.0,720.665599210316,11.756371928390147
Valluvan,132420.0,13259.203145828196,10.012991350119465
Valmiki (Balmiki) Mehtar,1330.0,0.0,0.0
Valmiki (Buddhist traditions),24180.0,2597.696694695838,10.743162509081214
Valmiki (Christian traditions),119330.0,22.461283839697366,0.01882283067099419
Valmiki (Hindu traditions),5520480.0,565999.155559703,10.252716350022153
Valmiki (Muslim traditions),201420.0,20147.39236666978,10.002677175389623
Valmiki (Sikh traditions),275140.0,27754.73035893876,10.087493770058428
Valmiki Chohra,2010.0,298.475104906232,14.849507706777713
Valmiki Chuhra (Buddhist traditions),680.0,115.97417466884895,17.05502568659543
Valmiki Chuhra (Christian traditions),20000.0,0.0,0.0
Valmiki Chuhra (Hindu traditions),664200.0,66497.9157938217,10.011730772933108
Valmiki Chuhra (Sikh traditions),5210.0,775.673527675012,14.88816751775455
Valmiki Lal Begi (Hindu traditions),10180.0,1065.7266704467854,10.468827803995929
Valmiki Mehtar,143200.0,14802.793621997358,10.337146384076368
Valmiki tribal,84420.0,8567.617598497014,10.148800756333824
Vanati,5300.0,539.116367223832,10.172006928751546
Vaniyan,1075980.0,98179.81516666753,9.124687742027502
Vanjara,1079890.0,108424.2268138301,10.040302883981711
Vannan (Christian traditions),167310.0,172.31289420638532,0.1029901943735493
Vannan (Hindu traditions),892920.0,88865.52108779711,9.952237724297486
Vanniyan,14336590.0,1362502.9132935551,9.503674955436091
Vanniyan Agnikula,664100.0,59178.577199830484,8.911094293002634
Vanniyan Kalingi,40200.0,4362.931096248569,10.853062428479026
Vanniyan Kamakshiamma,105000.0,11078.95761519027,10.551388204943112
Vanniyan Kotton,18200.0,1842.0895883790404,10.121371364720003
Vanniyan Pala Ekiri,30430.0,3060.7400269101636,10.058297820933827
Vanniyan Thigala,52400.0,5198.395778998068,9.9206026316757
Varli,1402090.0,127505.4706952246,9.09395764146557
Vasudev,16860.0,1753.1964219240174,10.39855529017804
Vathiriyan (Christian traditions),5700.0,8.885928838111539,0.15589348838792172
Vathiriyan (Hindu traditions),10180.0,1036.7069079153543,10.18376137441409
Veerabhadreeya (Viramushti),47150.0,4826.372047257703,10.23620794752429
Velakkithalanayan,410260.0,42143.77338330267,10.272454878199841
Velama,482800.0,50555.35211679482,10.471282542832398
Velama Koppala,25390.0,2822.9960655979175,11.11853511460385
Velama Palnati,18500.0,1881.5735472719896,10.170667823091836
Velan,96500.0,9687.505056247339,10.038865343261492
Velip,36700.0,3942.0942880832777,10.741401329927188
Vellalan Isai,158590.0,16060.32381248012,10.126946095264595
Vellalan Kongu,23300.0,2487.978191399976,10.678017988841098
Vellalan Mudaliar,47300.0,4829.436101041898,10.21022431509915
Vellalan Nanchilnattu,222200.0,20197.71302867091,9.089879850887
Vellalan Nanjanad,225000.0,22477.27595574571,9.989900424775872
Vellalan Pattanavan,10690.0,1284.6639359746407,12.017436257947995
Vellalan Sozhia,165650.0,17023.162786724537,10.276584839556014
Vellalan Tondamandalam,234880.0,22826.987537983776,9.718574394577562
Vellalan unspecified,2591540.0,255365.73789678383,9.853821970596009
Vellalan Vipravindolu,1920.0,193.88365017075162,10.098106779726647
Vellalan Virakodi,132080.0,13172.55029481004,9.97316042914146
Veluthadanayar,230350.0,23956.40232823967,10.400001010740034
Vetan (Christian traditions),4050.0,0.0,0.0
Vetan (Hindu traditions),67130.0,6980.576153100477,10.398594001341394
Vettakkaran,6030.0,642.4693659896241,10.654550016411676
Vettuvan,131410.0,13921.948495736027,10.594283917309205
Vettuvan Gounder,1770.0,177.41781231226506,10.023605215382208
Viswakarma Asari,788570.0,82260.90257452743,10.43165509397104
Viswakarma Kallan Muppan,10400.0,1051.04796536386,10.10623043619096
Viswakarma Kallasari,59780.0,6202.785446895206,10.376021155729687
Viswakarma Kollan,216100.0,22629.770569240263,10.471897533197716
Viswakarma Panchal,104350.0,10521.537037471648,10.082929599876998
Viswakarma Thattan,228870.0,23904.65485503509,10.444643183918858
Viswakarma unspecified,6604840.0,660907.8523325659,10.006417299019597
Viswakarma Vilkurup,14100.0,1441.8461448684827,10.225859183464417
Viswerna,4100.0,0.0,0.0
Vitholia,28720.0,2171.9858058130476,7.562624672051001
Wancho,73340.0,18.32115369282509,0.024981120388362543
Wandhara,2180.0,221.12000284885985,10.143119396736692
Wattal (Hindu traditions),1630.0,177.0544082143789,10.862233632783981
Wattal (Muslim traditions),6490.0,702.2931998523596,10.821158703426189
Waza,1700.0,184.033503322532,10.825500195443059
Yadav (Hindu traditions),58265560.0,5845817.307810081,10.033057792304891
Yadav (Muslim traditions),9780.0,1005.1524282204307,10.277632190392952
Yadav Bagal,6400.0,699.5521459354997,10.930502280242182
Yadav Dhindhor,1724120.0,174410.63306764208,10.115921923511245
Yadav Gaoli,5489570.0,549846.179522964,10.016197616989382
Yadav Ghosi,1772640.0,178876.45997825035,10.090963759040209
Yadav Gola,5502230.0,562854.610230557,10.229572559317896
Yadav Golarana,910.0,100.91253241038655,11.089289275866655
Yadav Gualbans (Hindu traditions),5448620.0,553256.4565691592,10.154065737180408
Yadav Jadubans,699900.0,72299.88135684453,10.330030198148954
Yadav Kamariha,471880.0,47424.51244915914,10.05012131244366
Yadav Kaonra,759450.0,76728.7674479758,10.103201981430745
Yadav Nandbans,538920.0,54219.17100984953,10.060708641328867
Yadav Rawat,1609400.0,162566.09290435317,10.101037212896307
Yadav Sadgope,3027530.0,308026.37575469696,10.174180792748444
Yakkha,6370.0,556.976311787964,8.743741158366783
Yakthumba Limbu,160700.0,11504.142721467217,7.158769583987066
Yatala,1110.0,111.61738960966065,10.055620685555015
Yenadi,789810.0,82411.97745325904,10.434405420703593
Yerava,35130.0,3898.3859799101124,11.097028123854576
Yerukula,623770.0,60853.757659694325,9.755800641212998
Yimchungra,76570.0,0.0,0.0
Zamral (Hindu traditions),7850.0,795.7993947433416,10.137571907558492
Zarekari,1500.0,158.40706143867416,10.560470762578278
Zargar (Hindu traditions),24460.0,2542.844221648479,10.39592895195617
Zargar (Muslim traditions),5300.0,541.0451699780562,10.208399433548228
Zargar (Sikh traditions),2760.0,287.5939462975434,10.420070518026936
Zeliang,116660.0,486.398943253879,0.4169372049150343
Zou,28260.0,0.0,0.0
